VendorID,tpep_pickup_datetime,tpep_dropoff_datetime,passenger_count,trip_distance,RatecodeID,store_and_fwd_flag,PULocationID,DOLocationID,payment_type,fare_amount,extra,mta_tax,tip_amount,tolls_amount,improvement_surcharge,total_amount,congestion_surcharge
1,2020-02-01 00:17:35,2020-02-01 00:30:32,1,2.60,1,N,145,7,1,11,0.5,0.5,2.45,0,0.3,14.75,0
1,2020-02-01 00:32:47,2020-02-01 01:05:36,1,4.80,1,N,45,61,1,21.5,3,0.5,6.3,0,0.3,31.6,2.5
1,2020-02-01 00:31:44,2020-02-01 00:43:28,1,3.20,1,N,186,140,1,11,3,0.5,1,0,0.3,15.8,2.5
2,2020-02-01 00:07:35,2020-02-01 00:31:39,1,4.38,1,N,144,140,1,18,0.5,0.5,3,0,0.3,24.8,2.5
2,2020-02-01 00:51:43,2020-02-01 01:01:29,1,2.28,1,N,238,152,2,9.5,0.5,0.5,0,0,0.3,10.8,0
1,2020-02-01 00:15:49,2020-02-01 00:20:48,2,1.00,1,N,249,107,1,5.5,3,0.5,1.85,0,0.3,11.15,2.5
1,2020-02-01 00:25:31,2020-02-01 00:50:22,2,3.40,1,N,79,256,1,18.5,3,0.5,4.45,0,0.3,26.75,2.5
1,2020-02-01 00:11:15,2020-02-01 00:24:29,1,2.10,1,N,224,68,2,10.5,3,0.5,0,0,0.3,14.3,2.5
2,2020-02-01 00:58:26,2020-02-01 01:02:26,1,.80,1,N,116,42,1,5,0.5,0.5,1.26,0,0.3,7.56,0
2,2020-02-01 00:03:57,2020-02-01 00:48:10,1,7.22,1,N,161,45,1,30.5,0.5,0.5,8.57,0,0.3,42.87,2.5
1,2020-02-01 00:19:07,2020-02-01 00:24:27,2,1.40,1,N,263,229,2,6.5,3,0.5,0,0,0.3,10.3,2.5
1,2020-02-01 00:24:44,2020-02-01 00:40:19,1,4.90,1,N,164,41,2,16,3,0.5,0,0,0.3,19.8,2.5
1,2020-02-01 00:14:52,2020-02-01 00:24:45,2,1.50,1,N,233,107,1,8.5,3,0.5,2.45,0,0.3,14.75,2.5
1,2020-02-01 00:37:47,2020-02-01 00:46:59,1,1.20,1,N,170,50,1,8,3,0.5,2.35,0,0.3,14.15,2.5
2,2020-02-01 00:18:45,2020-02-01 00:26:00,1,1.25,1,N,249,114,1,6.5,0.5,0.5,2.58,0,0.3,12.88,2.5
2,2020-02-01 00:53:08,2020-02-01 00:57:13,1,1.11,1,N,164,163,1,5.5,0.5,0.5,1.86,0,0.3,11.16,2.5
1,2020-02-01 00:17:03,2020-02-01 00:23:41,2,1.00,1,N,211,249,1,6,3,0.5,1.95,0,0.3,11.75,2.5
1,2020-02-01 00:26:31,2020-02-01 00:52:26,1,7.50,1,N,249,80,1,25,3,0.5,6.95,6.12,0.3,41.87,2.5
2,2020-02-01 00:25:50,2020-02-01 00:29:43,3,.60,1,N,246,246,1,4.5,0.5,0.5,1.66,0,0.3,9.96,2.5
2,2020-02-01 00:25:31,2020-02-01 00:28:50,1,.63,1,N,170,170,1,4.5,0.5,0.5,1.66,0,0.3,9.96,2.5
2,2020-02-01 00:34:43,2020-02-01 00:41:11,1,.79,1,N,113,79,2,6,0.5,0.5,0,0,0.3,9.8,2.5
2,2020-02-01 00:10:20,2020-02-01 00:31:00,2,9.37,1,N,88,179,2,27,0.5,0.5,0,0,0.3,30.8,2.5
1,2020-02-01 00:30:32,2020-02-01 00:33:25,2,.50,1,N,237,161,2,4,3,0.5,0,0,0.3,7.8,2.5
1,2020-02-01 00:34:48,2020-02-01 00:42:59,1,1.90,1,Y,161,113,2,8.5,3,0.5,0,0,0.3,12.3,2.5
1,2020-02-01 00:46:28,2020-02-01 00:53:25,1,1.00,1,N,113,79,1,6.5,3,0.5,0.52,0,0.3,10.82,2.5
1,2020-02-01 00:25:27,2020-02-01 00:44:21,0,4.40,1,N,68,262,1,16.5,3,0.5,4.05,0,0.3,24.35,2.5
1,2020-02-01 00:01:57,2020-02-01 00:12:28,2,2.60,1,N,230,239,2,10,3,0.5,0,0,0.3,13.8,2.5
1,2020-02-01 00:46:30,2020-02-01 00:52:44,1,1.10,1,N,48,50,1,6.5,3,0.5,3.05,0,0.3,13.35,2.5
1,2020-02-01 00:07:44,2020-02-01 00:35:10,0,5.00,1,N,125,61,1,20.5,3,0.5,10,0,0.3,34.3,2.5
1,2020-02-01 00:13:04,2020-02-01 00:50:04,1,20.30,2,N,132,239,1,52,2.5,0.5,15.35,6.12,0.3,76.77,2.5
2,2020-02-01 00:32:00,2020-02-01 00:54:13,1,4.79,1,N,209,181,1,18.5,0.5,0.5,4.46,0,0.3,26.76,2.5
2,2020-02-01 00:32:48,2020-02-01 00:45:44,1,3.30,1,N,142,246,1,12.5,0.5,0.5,1,0,0.3,17.3,2.5
1,2020-02-01 00:55:31,2020-02-01 01:05:14,2,3.70,1,N,48,151,1,12.5,3,0.5,3.25,0,0.3,19.55,2.5
2,2020-02-01 00:12:08,2020-02-01 00:36:18,1,4.07,1,N,163,4,1,17.5,0.5,0.5,3,0,0.3,24.3,2.5
1,2020-02-01 00:07:04,2020-02-01 00:16:20,1,1.30,1,N,162,186,2,7.5,3,0.5,0,0,0.3,11.3,2.5
1,2020-02-01 00:28:10,2020-02-01 00:35:42,1,2.00,1,N,161,236,1,8,3,0.5,2.35,0,0.3,14.15,2.5
1,2020-02-01 00:00:55,2020-02-01 00:32:22,2,7.30,1,N,231,166,1,26.5,3,0.5,6.05,0,0.3,36.35,2.5
1,2020-02-01 00:06:35,2020-02-01 00:09:25,2,.50,1,N,237,237,1,4,3,0.5,1.55,0,0.3,9.35,2.5
1,2020-02-01 00:10:50,2020-02-01 00:27:36,1,2.30,1,N,237,162,1,12,3,0.5,2,0,0.3,17.8,2.5
1,2020-02-01 00:34:01,2020-02-01 01:04:07,1,5.30,1,N,233,255,1,22.5,3,0.5,5.25,0,0.3,31.55,2.5
2,2020-02-01 00:38:26,2020-02-01 00:48:50,2,2.95,1,N,48,236,1,10.5,0.5,0.5,2,0,0.3,16.3,2.5
2,2020-02-01 00:54:13,2020-02-01 01:04:41,2,2.31,1,N,141,230,1,10,0.5,0.5,2.2,0,0.3,16,2.5
2,2020-02-01 00:12:18,2020-02-01 00:19:53,1,1.26,1,N,161,48,2,7,0.5,0.5,0,0,0.3,10.8,2.5
2,2020-02-01 00:14:19,2020-02-01 00:23:47,1,1.86,1,N,166,42,2,9,0.5,0.5,0,0,0.3,10.3,0
2,2020-02-01 00:21:24,2020-02-01 00:41:47,2,4.27,1,N,249,141,1,16.5,0.5,0.5,4.06,0,0.3,24.36,2.5
2,2020-02-01 00:44:23,2020-02-01 00:45:55,2,.42,1,N,140,237,2,3.5,0.5,0.5,0,0,0.3,7.3,2.5
2,2020-02-01 00:47:37,2020-02-01 00:55:09,2,1.79,1,N,237,143,1,8,0.5,0.5,2,0,0.3,13.8,2.5
2,2020-02-01 00:35:12,2020-02-01 01:02:19,1,5.44,1,N,144,188,1,20.5,0.5,0.5,4.86,0,0.3,29.16,2.5
2,2020-01-31 23:57:33,2020-02-01 00:11:36,1,3.24,1,N,239,42,1,13.5,0.5,0.5,2,0,0.3,19.3,2.5
2,2020-02-01 00:36:58,2020-02-01 00:39:48,1,.62,1,N,162,170,2,4,0.5,0.5,0,0,0.3,7.8,2.5
1,2020-02-01 00:31:06,2020-02-01 00:46:04,4,2.70,1,N,82,7,2,12,0.5,0.5,0,0,0.3,13.3,0
2,2020-02-01 00:19:56,2020-02-01 00:26:02,1,.95,1,N,107,170,1,6,0.5,0.5,0.98,0,0.3,10.78,2.5
2,2020-02-01 00:52:04,2020-02-01 01:07:51,1,4.22,1,N,234,238,2,15,0.5,0.5,0,0,0.3,18.8,2.5
2,2020-02-01 00:20:18,2020-02-01 01:13:04,2,7.77,1,N,107,37,1,36.5,0.5,0.5,8.06,0,0.3,48.36,2.5
1,2020-02-01 00:10:50,2020-02-01 00:21:21,1,2.20,1,N,148,256,1,10.5,3,0.5,2,0,0.3,16.3,2.5
1,2020-02-01 00:08:00,2020-02-01 00:14:38,1,1.10,1,N,113,79,1,6.5,3,0.5,2.05,0,0.3,12.35,2.5
1,2020-02-01 00:25:17,2020-02-01 00:51:32,2,3.70,1,N,148,48,1,18.5,3,0.5,3.5,0,0.3,25.8,2.5
1,2020-02-01 00:58:10,2020-02-01 01:13:40,1,3.20,1,N,246,79,4,13,3,0.5,0,0,0.3,16.8,2.5
1,2020-02-01 00:07:32,2020-02-01 00:12:16,2,.60,1,N,170,137,1,5,3,0.5,1,0,0.3,9.8,2.5
2,2020-02-01 00:21:21,2020-02-01 00:24:48,1,1.02,1,N,141,236,1,5,0.5,0.5,1.76,0,0.3,10.56,2.5
2,2020-02-01 00:28:37,2020-02-01 00:46:28,1,5.34,1,N,263,223,1,18,0.5,0.5,4.36,0,0.3,26.16,2.5
2,2020-02-01 00:10:30,2020-02-01 00:35:58,5,5.32,1,N,255,186,1,20,0.5,0.5,4.76,0,0.3,28.56,2.5
2,2020-02-01 00:15:03,2020-02-01 00:22:01,1,1.21,1,N,87,211,1,6.5,0.5,0.5,1.2,0,0.3,11.5,2.5
2,2020-02-01 00:04:41,2020-02-01 00:32:05,2,12.36,1,N,233,181,1,36,0.5,0.5,9.18,6.12,0.3,55.1,2.5
1,2020-02-01 00:37:53,2020-02-01 00:43:14,2,1.20,1,N,211,209,1,6,3,0.5,2,0,0.3,11.8,2.5
1,2020-02-01 00:45:51,2020-02-01 00:53:22,1,2.80,1,N,87,4,1,10,3,0.5,3.45,0,0.3,17.25,2.5
1,2020-02-01 00:06:19,2020-02-01 00:16:22,1,2.00,1,N,68,48,1,9,3,0.5,2.55,0,0.3,15.35,2.5
1,2020-02-01 00:26:27,2020-02-01 00:31:31,4,1.00,1,N,230,100,2,5.5,3,0.5,0,0,0.3,9.3,2.5
1,2020-02-01 00:42:34,2020-02-01 01:01:59,1,4.00,1,N,79,13,1,16,3,0.5,2,0,0.3,21.8,2.5
2,2020-02-01 00:28:04,2020-02-01 00:43:01,1,3.40,1,N,163,7,1,13.5,0.5,0.5,3,0,0.3,20.3,2.5
2,2020-02-01 00:20:58,2020-02-01 00:26:27,1,1.52,1,N,140,262,1,6.5,0.5,0.5,2.06,0,0.3,12.36,2.5
2,2020-02-01 00:11:37,2020-02-01 00:26:08,3,3.25,1,N,113,163,1,13,0.5,0.5,3.36,0,0.3,20.16,2.5
2,2020-02-01 00:41:10,2020-02-01 00:53:24,3,6.63,1,N,151,127,2,19.5,0.5,0.5,0,0,0.3,20.8,0
1,2020-02-01 00:02:18,2020-02-01 00:12:11,1,1.40,1,N,186,79,1,8.5,3,0.5,1,0,0.3,13.3,2.5
1,2020-02-01 00:29:08,2020-02-01 00:48:12,1,5.50,1,N,148,141,1,19.5,3,0.5,4.66,0,0.3,27.96,2.5
1,2020-02-01 00:58:07,2020-02-01 01:05:36,1,1.50,1,N,137,79,1,7,3,0.5,1.62,0,0.3,12.42,2.5
1,2020-02-01 00:01:26,2020-02-01 00:05:08,2,.70,1,N,48,50,1,4.5,3,0.5,1.5,0,0.3,9.8,2.5
1,2020-02-01 00:07:37,2020-02-01 00:21:43,1,3.20,1,N,50,236,1,13,3,0.5,1.68,0,0.3,18.48,2.5
1,2020-02-01 00:37:06,2020-02-01 00:42:33,1,1.00,1,N,163,162,1,6,3,0.5,1,0,0.3,10.8,2.5
1,2020-02-01 00:52:14,2020-02-01 01:02:17,2,1.40,1,N,161,239,1,8.5,3,0.5,5,0,0.3,17.3,2.5
1,2020-02-01 00:12:44,2020-02-01 00:24:44,2,1.40,1,N,48,233,1,9,3,0.5,0,0,0.3,12.8,2.5
1,2020-02-01 00:32:47,2020-02-01 00:53:08,1,3.50,1,N,229,148,1,15.5,3,0.5,3.85,0,0.3,23.15,2.5
1,2020-02-01 00:55:23,2020-02-01 01:05:09,4,.80,1,N,148,148,1,7.5,3,0.5,2.25,0,0.3,13.55,2.5
2,2020-02-01 00:19:31,2020-02-01 00:41:56,1,7.26,1,N,229,36,2,22.5,0.5,0.5,0,6.12,0.3,32.42,2.5
2,2020-02-01 00:34:50,2020-02-01 00:49:58,3,1.90,1,N,211,4,1,11,0.5,0.5,0.5,0,0.3,15.3,2.5
2,2020-02-01 00:15:47,2020-02-01 00:31:38,1,3.68,1,N,107,236,1,13.5,0.5,0.5,3.46,0,0.3,20.76,2.5
2,2020-02-01 00:11:14,2020-02-01 00:16:29,1,1.64,1,N,229,141,1,6.5,0.5,0.5,2.06,0,0.3,12.36,2.5
2,2020-02-01 00:13:12,2020-02-01 00:19:32,5,.81,1,N,230,186,1,6,0.5,0.5,1.96,0,0.3,11.76,2.5
2,2020-02-01 00:31:36,2020-02-01 00:41:26,5,1.55,1,N,249,68,1,8.5,0.5,0.5,2.46,0,0.3,14.76,2.5
2,2020-02-01 00:43:13,2020-02-01 00:49:42,5,.80,1,N,68,249,2,6,0.5,0.5,0,0,0.3,9.8,2.5
2,2020-02-01 00:57:16,2020-02-01 01:34:05,1,4.40,1,N,158,25,1,24,0.5,0.5,6.95,0,0.3,34.75,2.5
1,2020-02-01 00:47:40,2020-02-01 01:11:52,0,11.90,1,N,132,129,1,34.5,0.5,0.5,6.2,0,0.3,42,0
2,2020-02-01 00:08:33,2020-02-01 00:21:33,5,2.47,1,N,249,161,2,11,0.5,0.5,0,0,0.3,14.8,2.5
2,2020-02-01 00:40:09,2020-02-01 00:40:56,5,.02,1,N,100,100,3,-2.5,-0.5,-0.5,0,0,-0.3,-6.3,-2.5
2,2020-02-01 00:40:09,2020-02-01 00:40:56,5,.02,1,N,100,100,2,2.5,0.5,0.5,0,0,0.3,6.3,2.5
2,2020-02-01 00:54:28,2020-02-01 01:04:11,5,1.25,1,N,158,125,1,8,0.5,0.5,2.36,0,0.3,14.16,2.5
1,2020-02-01 00:05:13,2020-02-01 00:26:29,2,5.40,1,N,231,239,1,19.5,3,0.5,4.65,0,0.3,27.95,2.5
1,2020-02-01 00:47:54,2020-02-01 00:52:20,2,1.10,1,N,158,231,1,5.5,3,0.5,1.85,0,0.3,11.15,2.5
1,2020-02-01 00:54:04,2020-02-01 01:11:00,2,4.60,1,N,231,142,1,16,3,0.5,2,0,0.3,21.8,2.5
1,2020-02-01 00:16:58,2020-02-01 00:38:37,1,11.20,1,N,138,231,1,32.5,3,0.5,3,0,0.3,39.3,2.5
1,2020-02-01 00:43:10,2020-02-01 00:46:27,0,.80,1,N,231,45,2,4.5,3,0.5,0,0,0.3,8.3,2.5
1,2020-02-01 00:58:46,2020-02-01 01:03:42,0,1.00,1,N,144,231,1,5.5,3,0.5,2.3,0,0.3,11.6,2.5
2,2020-02-01 00:46:18,2020-02-01 00:54:27,2,1.81,1,N,163,234,1,8,0.5,0.5,2.36,0,0.3,14.16,2.5
2,2020-02-01 00:34:49,2020-02-01 00:36:02,1,.28,1,N,162,229,1,3,0.5,0.5,1,0,0.3,7.8,2.5
2,2020-02-01 00:52:53,2020-02-01 01:21:41,1,4.84,1,N,148,181,1,22,0.5,0.5,5.16,0,0.3,30.96,2.5
2,2020-02-01 00:16:13,2020-02-01 00:31:44,1,3.54,1,N,238,42,2,13.5,0.5,0.5,0,0,0.3,17.3,2.5
1,2020-02-01 00:13:40,2020-02-01 00:26:03,1,2.50,1,N,142,158,1,11,3,0.5,2.95,0,0.3,17.75,2.5
1,2020-02-01 00:27:02,2020-02-01 00:40:43,1,2.50,1,N,158,87,1,11,3,0.5,2,0,0.3,16.8,2.5
2,2020-02-01 00:16:59,2020-02-01 00:35:19,3,2.69,1,N,48,141,1,13,0.5,0.5,5.04,0,0.3,21.84,2.5
2,2020-02-01 00:54:27,2020-02-01 01:12:03,3,3.30,1,N,163,79,1,13.5,0.5,0.5,3.46,0,0.3,20.76,2.5
2,2020-02-01 00:01:08,2020-02-01 00:39:35,1,11.75,1,N,132,188,1,39.5,0.5,0.5,8.16,0,0.3,48.96,0
2,2020-02-01 00:02:33,2020-02-01 00:12:52,4,1.78,1,N,186,114,2,8.5,0.5,0.5,0,0,0.3,12.3,2.5
2,2020-02-01 00:04:05,2020-02-01 00:10:49,2,1.36,1,N,163,142,1,7,0.5,0.5,2.16,0,0.3,12.96,2.5
2,2020-02-01 00:20:21,2020-02-01 00:36:26,2,6.91,1,N,142,243,1,21.5,0.5,0.5,2.53,0,0.3,27.83,2.5
1,2020-02-01 00:57:01,2020-02-01 01:05:36,2,1.90,1,N,263,162,2,8.5,3,0.5,0,0,0.3,12.3,2.5
2,2020-02-01 00:09:51,2020-02-01 00:18:40,2,1.16,1,N,249,144,1,7.5,0.5,0.5,2.82,0,0.3,14.12,2.5
2,2020-02-01 00:20:14,2020-02-01 00:26:08,2,.48,1,N,144,79,1,5.5,0.5,0.5,2.32,0,0.3,11.62,2.5
2,2020-02-01 00:34:12,2020-02-01 00:38:55,1,.67,1,N,79,79,1,5,0.5,0.5,0,0,0.3,8.8,2.5
2,2020-02-01 00:46:35,2020-02-01 00:56:47,2,1.77,1,N,79,261,1,9,0.5,0.5,2.56,0,0.3,15.36,2.5
2,2020-02-01 00:49:40,2020-02-01 00:49:47,1,.11,1,N,148,264,2,2.5,0.5,0.5,0,0,0.3,6.3,2.5
2,2020-02-01 00:04:28,2020-02-01 00:19:00,2,3.80,1,N,229,7,1,13.5,0.5,0.5,5.19,0,0.3,22.49,2.5
2,2020-02-01 00:21:21,2020-02-01 00:39:40,1,5.01,1,N,114,263,1,17.5,0.5,0.5,2.13,0,0.3,23.43,2.5
2,2020-02-01 00:59:53,2020-02-01 01:09:24,1,1.51,1,N,48,186,2,8.5,0.5,0.5,0,0,0.3,12.3,2.5
1,2020-02-01 00:24:28,2020-02-01 00:34:32,0,4.60,1,N,87,233,1,15,3,0.5,4.7,0,0.3,23.5,2.5
1,2020-02-01 00:35:50,2020-02-01 00:56:52,1,8.00,1,N,138,238,1,25,3,0.5,6,6.12,0.3,40.92,2.5
1,2020-02-01 00:44:17,2020-02-01 01:17:48,1,22.20,1,N,132,106,1,59,0.5,0.5,15.05,0,0.3,75.35,0
2,2020-02-01 00:17:00,2020-02-01 00:28:43,1,1.54,1,N,148,107,1,9,0.5,0.5,2.56,0,0.3,15.36,2.5
2,2020-02-01 00:46:32,2020-02-01 01:01:20,1,2.12,1,N,148,158,1,10.5,0.5,0.5,2.86,0,0.3,17.16,2.5
1,2020-02-01 00:11:45,2020-02-01 00:29:27,2,3.90,1,N,50,231,1,16,3,0.5,3.96,0,0.3,23.76,2.5
1,2020-02-01 00:32:49,2020-02-01 00:37:26,1,1.00,1,N,13,231,1,5.5,3,0.5,1.85,0,0.3,11.15,2.5
2,2020-02-01 00:23:24,2020-02-01 00:34:40,2,1.23,1,N,148,231,1,8.5,0.5,0.5,2.46,0,0.3,14.76,2.5
2,2020-02-01 00:52:19,2020-02-01 01:08:53,2,2.17,1,N,148,234,1,12,0.5,0.5,3.16,0,0.3,18.96,2.5
2,2020-02-01 00:05:23,2020-02-01 00:09:23,2,.57,1,N,170,170,1,4.5,0.5,0.5,1.66,0,0.3,9.96,2.5
2,2020-02-01 00:17:09,2020-02-01 00:26:53,1,1.22,1,N,164,230,1,8,0.5,0.5,0,0,0.3,11.8,2.5
2,2020-01-31 23:53:59,2020-02-01 00:01:41,6,1.71,1,N,162,107,1,7.5,0.5,0.5,2.26,0,0.3,13.56,2.5
2,2020-02-01 00:06:02,2020-02-01 00:24:46,2,2.16,1,N,170,79,1,13,0.5,0.5,3.36,0,0.3,20.16,2.5
2,2020-02-01 00:33:29,2020-02-01 00:38:00,1,1.26,1,N,137,233,1,6,0.5,0.5,1.96,0,0.3,11.76,2.5
2,2020-02-01 00:45:42,2020-02-01 00:55:03,1,2.95,1,N,107,263,1,10,0.5,0.5,2.76,0,0.3,16.56,2.5
1,2020-02-01 00:28:00,2020-02-01 01:07:44,2,10.90,1,N,68,243,1,36.5,3,0.5,6,0,0.3,46.3,2.5
2,2020-01-31 23:59:16,2020-02-01 00:19:53,1,4.64,1,N,48,7,1,18,0.5,0.5,4.36,0,0.3,26.16,2.5
2,2020-02-01 00:03:48,2020-02-01 00:17:12,1,3.89,1,N,229,24,1,13.5,0.5,0.5,2,0,0.3,19.3,2.5
2,2020-02-01 00:00:19,2020-02-01 00:10:52,1,1.85,1,N,148,137,1,9,0.5,0.5,1,0,0.3,13.8,2.5
2,2020-02-01 00:13:18,2020-02-01 00:35:37,1,10.41,1,N,137,127,1,31,0.5,0.5,6.96,0,0.3,41.76,2.5
2,2020-02-01 00:49:02,2020-02-01 01:01:04,1,5.35,1,N,244,239,1,17,0.5,0.5,4,0,0.3,24.8,2.5
1,2020-02-01 00:37:45,2020-02-01 00:49:19,2,3.30,1,N,113,237,1,12,3,0.5,3.16,0,0.3,18.96,2.5
1,2020-02-01 00:11:02,2020-02-01 00:28:56,1,6.60,1,N,48,116,1,21,3,0.5,4.95,0,0.3,29.75,2.5
1,2020-02-01 00:57:07,2020-02-01 01:01:45,1,.60,1,N,230,230,1,5,3,0.5,20.95,0,0.3,29.75,2.5
2,2020-02-01 00:05:02,2020-02-01 00:25:20,1,3.41,1,N,249,48,1,15,0.5,0.5,3.76,0,0.3,22.56,2.5
2,2020-02-01 00:34:33,2020-02-01 00:44:49,1,1.67,1,N,163,141,1,8.5,0.5,0.5,2.46,0,0.3,14.76,2.5
2,2020-02-01 00:52:30,2020-02-01 01:11:32,1,3.25,1,N,263,166,1,14.5,0.5,0.5,3.66,0,0.3,21.96,2.5
2,2020-02-01 00:17:28,2020-02-01 00:29:43,1,1.75,1,N,164,158,1,9,0.5,0.5,2.56,0,0.3,15.36,2.5
2,2020-02-01 00:38:09,2020-02-01 00:41:38,1,.84,1,N,48,48,1,4.5,0.5,0.5,1.66,0,0.3,9.96,2.5
2,2020-02-01 00:44:03,2020-02-01 00:50:03,1,1.12,1,N,48,229,1,6,0.5,0.5,1.96,0,0.3,11.76,2.5
1,2020-02-01 00:10:39,2020-02-01 00:15:32,1,.80,1,N,163,143,1,5.5,3,0.5,2.3,0,0.3,11.6,2.5
2,2020-02-01 00:17:38,2020-02-01 00:28:23,2,1.79,1,N,144,88,1,9,0.5,0.5,2.56,0,0.3,15.36,2.5
2,2020-02-01 00:31:49,2020-02-01 00:52:47,1,12.55,1,N,87,243,2,34.5,0.5,0.5,0,0,0.3,38.3,2.5
2,2020-02-01 00:17:54,2020-02-01 00:39:17,1,8.36,1,N,138,140,1,26.5,0.5,0.5,7.28,6.12,0.3,43.7,2.5
2,2020-02-01 00:01:58,2020-02-01 00:11:19,1,1.71,1,N,230,164,2,9,0.5,0.5,0,0,0.3,12.8,2.5
2,2020-02-01 00:13:03,2020-02-01 00:18:39,1,1.05,1,N,164,137,1,6,0.5,0.5,1.96,0,0.3,11.76,2.5
2,2020-02-01 00:29:39,2020-02-01 00:36:13,1,1.02,1,N,113,234,1,6.5,0.5,0.5,2.06,0,0.3,12.36,2.5
2,2020-02-01 00:47:58,2020-02-01 01:02:19,1,2.44,1,N,249,170,1,11.5,0.5,0.5,2.3,0,0.3,17.6,2.5
2,2020-02-01 00:28:01,2020-02-01 00:28:04,1,.00,2,N,264,264,1,52,0,0.5,10,0,0.3,62.8,0
2,2020-02-01 00:36:09,2020-02-01 00:43:58,1,1.79,1,N,163,238,1,8,0.5,0.5,2.36,0,0.3,14.16,2.5
2,2020-02-01 00:22:43,2020-02-01 00:33:15,1,.99,1,N,45,114,2,8,0.5,0.5,0,0,0.3,11.8,2.5
2,2020-02-01 00:41:23,2020-02-01 00:50:21,1,.99,1,N,140,229,1,7,0.5,0.5,2.16,0,0.3,12.96,2.5
2,2020-02-01 00:53:16,2020-02-01 00:58:24,1,1.04,1,N,162,141,1,5.5,0.5,0.5,1.5,0,0.3,10.8,2.5
2,2020-02-01 00:18:45,2020-02-01 00:26:29,1,1.38,1,N,141,162,2,7.5,0.5,0.5,0,0,0.3,11.3,2.5
2,2020-02-01 00:35:38,2020-02-01 00:38:24,1,.64,1,N,237,263,1,4.5,0.5,0.5,1.66,0,0.3,9.96,2.5
2,2020-02-01 00:50:35,2020-02-01 00:53:25,1,.75,1,N,263,141,1,4.5,0.5,0.5,2.49,0,0.3,10.79,2.5
2,2020-02-01 00:24:21,2020-02-01 00:31:50,1,1.89,1,N,161,143,1,8.5,0.5,0.5,2,0,0.3,14.3,2.5
1,2020-02-01 00:03:47,2020-02-01 00:18:38,1,4.60,1,N,79,75,1,15,3,0.5,3,0,0.3,21.8,2.5
2,2020-02-01 00:08:07,2020-02-01 00:20:48,1,1.93,1,N,100,224,1,10,0.5,0.5,2.76,0,0.3,16.56,2.5
2,2020-02-01 00:32:59,2020-02-01 00:43:32,2,1.05,1,N,79,249,1,8,0.5,0.5,2.36,0,0.3,14.16,2.5
2,2020-02-01 00:47:30,2020-02-01 00:53:13,2,.96,1,N,125,234,1,5.5,0.5,0.5,2,0,0.3,11.3,2.5
1,2020-02-01 00:07:33,2020-02-01 00:17:15,2,.80,1,N,113,79,2,7.5,3,0.5,0,0,0.3,11.3,2.5
1,2020-02-01 00:25:29,2020-02-01 00:41:52,2,1.00,1,N,114,148,1,11,3,0.5,2.95,0,0.3,17.75,2.5
1,2020-02-01 00:43:09,2020-02-01 00:56:10,2,2.00,1,N,148,249,1,10,3,0.5,2.75,0,0.3,16.55,2.5
1,2020-02-01 00:29:13,2020-02-01 00:34:35,1,3.10,1,N,132,10,3,10.5,0.5,0.5,0,0,0.3,11.8,0
2,2020-02-01 00:07:06,2020-02-01 00:12:33,1,1.16,1,N,239,143,1,6,0.5,0.5,1.96,0,0.3,11.76,2.5
2,2020-02-01 00:14:48,2020-02-01 00:32:47,2,4.59,1,N,50,231,1,16.5,0.5,0.5,3.04,0,0.3,23.34,2.5
2,2020-02-01 00:37:17,2020-02-01 01:03:32,2,6.65,1,N,231,263,1,22.5,0.5,0.5,5.26,0,0.3,31.56,2.5
2,2020-02-01 00:19:01,2020-02-01 00:35:22,1,1.70,1,N,79,158,1,11.5,0.5,0.5,2.5,0,0.3,17.8,2.5
2,2020-02-01 00:42:55,2020-02-01 00:51:44,1,1.54,1,N,125,231,1,8,0.5,0.5,2.36,0,0.3,14.16,2.5
2,2020-02-01 00:57:40,2020-02-01 01:33:40,4,8.32,1,N,87,140,1,30,0.5,0.5,6.76,0,0.3,40.56,2.5
2,2020-02-01 00:17:43,2020-02-01 00:46:21,1,8.86,1,N,231,89,1,28,0.5,0.5,3.2,0,0.3,35,2.5
1,2020-02-01 00:04:51,2020-02-01 00:07:43,1,.60,1,N,41,166,2,4.5,0.5,0.5,0,0,0.3,5.8,0
1,2020-02-01 00:20:40,2020-02-01 00:36:46,1,3.60,1,Y,166,237,1,15,3,0.5,2,0,0.3,20.8,2.5
1,2020-02-01 00:40:46,2020-02-01 00:48:33,1,1.80,1,N,237,186,2,8,3,0.5,0,0,0.3,11.8,2.5
1,2020-02-01 00:53:17,2020-02-01 01:00:13,1,1.40,1,N,186,249,1,7,3,0.5,2.7,0,0.3,13.5,2.5
2,2020-02-01 00:00:06,2020-02-01 00:03:53,1,.72,1,N,48,48,1,4.5,0.5,0.5,1.66,0,0.3,9.96,2.5
2,2020-02-01 00:11:04,2020-02-01 00:22:11,1,1.94,1,N,163,170,1,9.5,0.5,0.5,2.66,0,0.3,15.96,2.5
1,2020-02-01 00:15:03,2020-02-01 00:45:02,2,18.00,2,N,132,230,2,52,2.5,0.5,0,6.12,0.3,61.42,2.5
2,2020-02-01 00:01:46,2020-02-01 00:15:16,1,1.65,1,N,249,79,1,10,0.5,0.5,2.76,0,0.3,16.56,2.5
2,2020-02-01 00:16:36,2020-02-01 00:28:59,1,2.24,1,N,79,164,1,10,0.5,0.5,2.76,0,0.3,16.56,2.5
2,2020-02-01 00:09:52,2020-02-01 00:47:06,2,4.30,1,N,79,112,1,25,0.5,0.5,3,0,0.3,31.8,2.5
2,2020-02-01 00:31:18,2020-02-01 00:34:28,1,.60,1,N,142,48,1,4,0.5,0.5,1.56,0,0.3,9.36,2.5
2,2020-02-01 00:58:48,2020-02-01 01:01:05,1,.67,1,N,239,238,2,4,0.5,0.5,0,0,0.3,7.8,2.5
1,2020-02-01 00:35:46,2020-02-01 00:42:16,1,.90,1,N,237,140,2,6,3,0.5,0,0,0.3,9.8,2.5
2,2020-02-01 00:17:48,2020-02-01 00:24:30,1,3.20,1,N,132,10,1,10.5,0.5,0.5,2.36,0,0.3,14.16,0
1,2020-02-01 00:00:04,2020-02-01 00:13:33,0,1.90,1,N,50,170,2,10.5,3,0.5,0,0,0.3,14.3,2.5
2,2020-02-01 00:16:01,2020-02-01 00:24:22,1,1.32,1,N,170,48,1,7.5,0.5,0.5,2.26,0,0.3,13.56,2.5
2,2020-02-01 00:30:06,2020-02-01 00:36:57,1,1.12,1,N,230,234,2,6.5,0.5,0.5,0,0,0.3,10.3,2.5
1,2020-02-01 00:26:13,2020-02-01 00:39:33,0,2.00,1,N,230,107,2,10.5,3,0.5,0,0,0.3,14.3,2.5
1,2020-02-01 00:50:52,2020-02-01 01:14:47,0,4.30,1,N,79,112,2,19,3,0.5,0,0,0.3,22.8,2.5
2,2020-02-01 00:00:27,2020-02-01 00:05:36,2,.82,1,N,238,239,1,5.5,0.5,0.5,1.86,0,0.3,11.16,2.5
2,2020-02-01 00:32:52,2020-02-01 00:42:24,3,2.59,1,N,238,141,1,10.5,0.5,0.5,2.86,0,0.3,17.16,2.5
2,2020-02-01 00:46:04,2020-02-01 00:50:01,3,1.22,1,N,237,263,1,5.5,0.5,0.5,1.67,0,0.3,10.97,2.5
2,2020-02-01 00:51:21,2020-02-01 00:59:02,3,1.69,1,N,263,238,1,7.5,0.5,0.5,2.82,0,0.3,14.12,2.5
1,2020-02-01 00:42:37,2020-02-01 00:44:52,1,.20,1,N,237,162,2,3.5,3,0.5,0,0,0.3,7.3,2.5
1,2020-02-01 00:46:36,2020-02-01 00:59:46,1,2.80,1,N,162,238,1,12,3,0.5,3.15,0,0.3,18.95,2.5
1,2020-02-01 00:12:44,2020-02-01 00:25:15,1,2.60,1,N,162,249,2,11,3,0.5,0,0,0.3,14.8,2.5
1,2020-02-01 00:28:56,2020-02-01 00:38:50,3,1.50,1,N,68,79,1,8.5,3,0.5,3.05,0,0.3,15.35,2.5
2,2020-02-01 00:29:01,2020-02-01 00:36:32,1,.97,1,N,113,107,1,7,0.5,0.5,1.5,0,0.3,12.3,2.5
2,2020-02-01 00:52:21,2020-02-01 00:59:09,1,1.28,1,N,164,163,1,6.5,0.5,0.5,0,0,0.3,10.3,2.5
1,2020-02-01 00:22:36,2020-02-01 00:38:19,1,3.10,1,N,79,231,1,13,3,0.5,3.35,0,0.3,20.15,2.5
1,2020-02-01 00:47:20,2020-02-01 00:51:54,2,.80,1,N,125,144,1,5.5,3,0.5,1,0,0.3,10.3,2.5
1,2020-02-01 00:55:40,2020-02-01 00:59:02,1,.40,1,N,148,144,1,4,3,0.5,1.55,0,0.3,9.35,2.5
2,2020-02-01 00:18:58,2020-02-01 00:44:58,1,7.26,1,N,166,125,1,24.5,0.5,0.5,5.66,0,0.3,33.96,2.5
2,2020-02-01 00:50:29,2020-02-01 00:53:57,1,.48,1,N,211,144,1,4,0.5,0.5,1.17,0,0.3,8.97,2.5
2,2020-02-01 00:56:20,2020-02-01 01:10:51,1,3.62,1,N,211,233,1,13,0.5,0.5,3.36,0,0.3,20.16,2.5
1,2020-02-01 00:29:29,2020-02-01 00:39:01,1,2.30,1,N,230,236,1,9.5,3,0.5,1,0,0.3,14.3,2.5
1,2020-02-01 00:06:46,2020-02-01 00:21:07,1,6.60,1,N,263,243,2,20.5,3,0.5,0,0,0.3,24.3,2.5
2,2020-02-01 00:17:26,2020-02-01 00:25:04,1,1.52,1,N,113,186,1,7,0.5,0.5,2.7,0,0.3,13.5,2.5
2,2020-02-01 00:11:40,2020-02-01 00:22:34,1,1.21,1,N,249,79,1,8.5,0.5,0.5,1.5,0,0.3,13.8,2.5
2,2020-02-01 00:27:13,2020-02-01 00:32:20,1,.70,1,N,79,114,1,5.5,0.5,0.5,2.79,0,0.3,12.09,2.5
2,2020-02-01 00:41:56,2020-02-01 00:49:03,1,1.46,1,N,113,90,1,7,0.5,0.5,2.16,0,0.3,12.96,2.5
2,2020-02-01 00:52:54,2020-02-01 01:02:55,1,2.66,1,N,90,50,1,10,0.5,0.5,0.5,0,0.3,14.3,2.5
1,2020-02-01 00:17:50,2020-02-01 00:50:25,2,19.10,2,N,132,48,2,52,2.5,0.5,0,6.12,0.3,61.42,2.5
2,2020-02-01 00:04:13,2020-02-01 00:17:50,1,6.53,1,N,142,244,1,20,0.5,0.5,4.76,0,0.3,28.56,2.5
2,2020-02-01 00:21:29,2020-02-01 00:23:17,1,.03,1,N,244,244,4,-3,-0.5,-0.5,0,0,-0.3,-4.3,0
2,2020-02-01 00:21:29,2020-02-01 00:23:17,1,.03,1,N,244,244,2,3,0.5,0.5,0,0,0.3,4.3,0
2,2020-02-01 00:26:28,2020-02-01 00:45:57,1,3.47,1,N,244,241,2,15.5,0.5,0.5,0,0,0.3,16.8,0
1,2020-02-01 00:24:04,2020-02-01 00:35:39,0,2.10,1,N,141,170,1,10,3,0.5,2.75,0,0.3,16.55,2.5
1,2020-02-01 00:17:55,2020-02-01 00:25:20,2,1.20,1,N,114,107,1,7,3,0.5,1.3,0,0.3,12.1,2.5
1,2020-02-01 00:43:28,2020-02-01 01:11:30,1,4.60,1,N,144,36,1,20.5,3,0.5,6.05,0,0.3,30.35,2.5
2,2020-02-01 00:22:04,2020-02-01 00:45:31,6,5.06,1,N,48,87,1,19,0.5,0.5,4.56,0,0.3,27.36,2.5
1,2020-02-01 00:24:17,2020-02-01 00:43:20,1,6.00,1,N,100,87,2,20.5,3,0.5,0,0,0.3,24.3,2.5
1,2020-02-01 00:02:23,2020-02-01 00:10:06,1,1.50,1,N,90,246,1,7.5,3,0.5,2.26,0,0.3,13.56,2.5
1,2020-02-01 00:19:10,2020-02-01 00:38:46,1,2.70,1,N,158,148,1,14,3,0.5,3,0,0.3,20.8,2.5
1,2020-02-01 00:50:46,2020-02-01 01:06:47,1,4.30,1,N,232,48,1,16.5,3,0.5,4.06,0,0.3,24.36,2.5
2,2020-02-01 00:22:06,2020-02-01 00:28:22,1,3.59,1,N,238,244,1,11.5,0.5,0.5,2.56,0,0.3,15.36,0
2,2020-02-01 00:39:43,2020-02-01 00:42:19,1,.40,1,N,166,166,1,4,0.5,0.5,0.5,0,0.3,5.8,0
2,2020-02-01 00:40:49,2020-02-01 00:51:18,1,4.11,1,N,238,244,2,14,0.5,0.5,0,0,0.3,15.3,0
2,2020-02-01 00:53:26,2020-02-01 00:59:01,1,1.13,1,N,244,243,2,6.5,0.5,0.5,0,0,0.3,7.8,0
2,2020-02-01 00:06:09,2020-02-01 00:22:35,1,6.51,1,N,170,168,2,20,0.5,0.5,0,0,0.3,23.8,2.5
2,2020-02-01 00:01:06,2020-02-01 00:08:26,1,.97,1,N,186,170,2,6.5,0.5,0.5,0,0,0.3,10.3,2.5
2,2020-02-01 00:16:00,2020-02-01 00:29:36,1,2.85,1,N,107,141,1,11.5,0.5,0.5,1.75,0,0.3,17.05,2.5
2,2020-02-01 00:51:44,2020-02-01 01:09:08,2,4.00,1,N,79,48,1,15,0.5,0.5,3.76,0,0.3,22.56,2.5
1,2020-02-01 00:06:46,2020-02-01 00:17:52,3,1.70,1,N,68,114,1,9,3,0.5,2.55,0,0.3,15.35,2.5
1,2020-02-01 00:21:34,2020-02-01 00:28:48,3,.80,1,N,114,148,1,6.5,3,0.5,2.05,0,0.3,12.35,2.5
1,2020-02-01 00:42:36,2020-02-01 00:56:29,3,4.10,1,N,79,262,2,14,3,0.5,0,0,0.3,17.8,2.5
1,2020-02-01 00:00:53,2020-02-01 00:22:46,2,9.80,1,N,132,36,2,29,0.5,0.5,0,0,0.3,30.3,0
1,2020-02-01 00:43:34,2020-02-01 00:59:11,1,3.80,1,N,140,112,1,14.5,3,0.5,3.65,0,0.3,21.95,2.5
2,2020-02-01 00:14:25,2020-02-01 00:25:03,2,4.25,1,N,148,140,1,14.5,0.5,0.5,1.83,0,0.3,20.13,2.5
2,2020-02-01 00:29:20,2020-02-01 00:32:16,2,.77,1,N,263,141,1,4.5,0.5,0.5,2.08,0,0.3,10.38,2.5
2,2020-02-01 00:38:54,2020-02-01 00:42:30,2,.75,1,N,141,263,1,4.5,0.5,0.5,1.66,0,0.3,9.96,2.5
2,2020-02-01 00:56:13,2020-02-01 01:07:59,2,4.73,1,N,233,261,2,15.5,0.5,0.5,0,0,0.3,19.3,2.5
2,2020-02-01 00:07:24,2020-02-01 00:25:39,5,6.12,1,N,229,87,1,20,0.5,0.5,7.14,0,0.3,30.94,2.5
2,2020-02-01 00:52:27,2020-02-01 01:07:53,4,4.94,1,N,113,263,2,16,0.5,0.5,0,0,0.3,19.8,2.5
2,2020-02-01 00:08:19,2020-02-01 01:35:22,1,26.33,1,N,236,210,2,73,0.5,0.5,0,0,0.3,76.8,2.5
1,2020-02-01 00:51:19,2020-02-01 01:34:36,1,19.40,2,N,132,231,1,52,2.5,0.5,16.55,0,0.3,71.85,2.5
1,2020-02-01 00:14:25,2020-02-01 00:23:40,1,1.40,1,N,162,100,1,8,3,0.5,2.35,0,0.3,14.15,2.5
1,2020-02-01 00:37:20,2020-02-01 00:49:00,2,2.30,1,N,170,232,1,10,3,0.5,2.75,0,0.3,16.55,2.5
1,2020-02-01 00:52:22,2020-02-01 01:00:58,2,1.10,1,N,79,113,1,7.5,3,0.5,2.25,0,0.3,13.55,2.5
1,2020-02-01 00:28:09,2020-02-01 00:45:59,1,4.40,1,N,226,142,1,17,3,0.5,4.15,0,0.3,24.95,2.5
1,2020-02-01 00:53:45,2020-02-01 01:09:43,1,3.70,1,N,142,231,1,13.5,3,0.5,3.45,0,0.3,20.75,2.5
2,2020-02-01 00:00:40,2020-02-01 00:21:49,1,4.70,1,N,211,143,1,17.5,0.5,0.5,0,0,0.3,21.3,2.5
2,2020-02-01 00:32:48,2020-02-01 00:39:41,1,1.20,1,N,48,186,2,6.5,0.5,0.5,0,0,0.3,10.3,2.5
1,2020-02-01 00:12:43,2020-02-01 00:46:52,1,10.60,1,N,114,95,1,35,3,0.5,4,6.12,0.3,48.92,2.5
2,2020-02-01 00:04:38,2020-02-01 00:13:45,5,2.12,1,N,107,229,1,9,0.5,0.5,1.92,0,0.3,14.72,2.5
2,2020-02-01 00:16:24,2020-02-01 00:25:11,5,1.35,1,N,229,163,2,7.5,0.5,0.5,0,0,0.3,11.3,2.5
2,2020-02-01 00:07:07,2020-02-01 00:35:25,1,5.66,1,N,151,107,2,22.5,0.5,0.5,0,0,0.3,26.3,2.5
2,2020-02-01 00:37:17,2020-02-01 00:41:43,1,.42,1,N,79,79,1,4.5,0.5,0.5,1.66,0,0.3,9.96,2.5
2,2020-02-01 00:51:28,2020-02-01 01:07:58,1,5.31,1,N,148,236,1,18,0.5,0.5,6.54,0,0.3,28.34,2.5
1,2020-02-01 00:13:07,2020-02-01 00:15:01,1,.50,1,N,164,90,1,3.5,3,0.5,0,0,0.3,7.3,2.5
1,2020-02-01 00:27:23,2020-02-01 00:45:54,1,4.80,1,N,161,7,2,17.5,3,0.5,0,0,0.3,21.3,2.5
1,2020-02-01 00:18:00,2020-02-01 00:20:05,1,.50,1,N,237,141,1,4,3,0.5,1.55,0,0.3,9.35,2.5
1,2020-02-01 00:28:56,2020-02-01 00:36:14,1,2.60,1,N,141,41,1,9.5,3,0.5,3.25,0,0.3,16.55,2.5
1,2020-02-01 00:15:59,2020-02-01 00:28:44,1,3.70,1,N,142,74,1,13.5,3,0.5,3.45,0,0.3,20.75,2.5
2,2020-02-01 00:33:58,2020-02-01 00:39:55,1,1.33,1,N,25,40,1,6.5,0.5,0.5,1.56,0,0.3,9.36,0
2,2020-02-01 00:04:50,2020-02-01 00:24:38,2,5.92,1,N,37,129,1,21,0.5,0.5,4,0,0.3,26.3,0
2,2020-02-01 00:36:39,2020-02-01 00:53:50,1,4.05,1,N,146,48,1,16,0.5,0.5,3.96,0,0.3,23.76,2.5
2,2020-02-01 00:57:30,2020-02-01 01:06:04,1,1.70,1,N,114,261,1,8.5,0.5,0.5,2.46,0,0.3,14.76,2.5
2,2020-02-01 00:07:48,2020-02-01 00:32:47,2,3.13,1,N,144,25,1,16,0.5,0.5,3.96,0,0.3,23.76,2.5
2,2020-01-31 23:59:20,2020-02-01 00:02:26,1,.55,1,N,233,233,2,4,0.5,0.5,0,0,0.3,7.8,2.5
2,2020-02-01 00:21:38,2020-02-01 00:33:22,1,2.03,1,N,50,164,2,10,0.5,0.5,0,0,0.3,13.8,2.5
2,2020-02-01 00:44:45,2020-02-01 00:51:47,1,1.74,1,N,113,87,1,7.5,0.5,0.5,2.26,0,0.3,13.56,2.5
2,2020-02-01 00:03:09,2020-02-01 00:29:46,1,4.70,1,N,249,140,1,19.5,0.5,0.5,4.66,0,0.3,27.96,2.5
2,2020-02-01 00:57:12,2020-02-01 01:16:36,1,5.32,1,N,249,238,1,19,0.5,0.5,3,0,0.3,25.8,2.5
2,2020-02-01 00:00:43,2020-02-01 00:06:18,2,.94,1,N,237,162,1,6,0.5,0.5,1.96,0,0.3,11.76,2.5
2,2020-02-01 00:16:40,2020-02-01 00:27:05,1,2.99,1,N,233,238,2,11,0.5,0.5,0,0,0.3,14.8,2.5
2,2020-02-01 00:31:53,2020-02-01 00:41:38,1,2.11,1,N,43,226,2,9.5,0.5,0.5,0,0,0.3,13.3,2.5
2,2020-02-01 00:00:18,2020-02-01 00:26:16,1,4.41,1,N,236,158,1,19,0.5,0.5,4.56,0,0.3,27.36,2.5
2,2020-02-01 00:29:31,2020-02-01 00:43:26,3,1.51,1,N,158,211,2,9.5,0.5,0.5,0,0,0.3,13.3,2.5
2,2020-02-01 00:44:59,2020-02-01 00:54:59,1,2.38,1,N,211,246,1,9.5,0.5,0.5,2,0,0.3,15.3,2.5
2,2020-02-01 00:07:51,2020-02-01 00:15:54,1,2.32,1,N,263,233,1,8.5,0.5,0.5,2.46,0,0.3,14.76,2.5
2,2020-02-01 00:31:10,2020-02-01 00:47:11,1,1.98,1,N,170,114,1,11.5,0.5,0.5,2.3,0,0.3,17.6,2.5
2,2020-02-01 00:17:21,2020-02-01 00:27:54,1,1.16,1,N,230,164,2,8,0.5,0.5,0,0,0.3,11.8,2.5
2,2020-02-01 00:30:23,2020-02-01 00:45:52,1,4.01,1,N,164,75,1,14.5,0.5,0.5,3.66,0,0.3,21.96,2.5
2,2020-02-01 00:12:12,2020-02-01 00:36:35,1,6.06,1,N,141,80,2,21.5,0.5,0.5,0,0,0.3,25.3,2.5
2,2020-02-01 00:42:16,2020-02-01 00:55:00,1,2.72,1,N,256,79,2,12,0.5,0.5,0,0,0.3,15.8,2.5
2,2020-02-01 00:09:06,2020-02-01 00:21:21,2,3.26,1,N,79,140,1,12,0.5,0.5,1.2,0,0.3,17,2.5
2,2020-01-31 23:57:42,2020-02-01 00:05:57,1,1.44,1,N,141,262,2,7.5,0.5,0.5,0,0,0.3,11.3,2.5
2,2020-02-01 00:32:02,2020-02-01 00:53:31,1,5.32,1,N,100,87,1,19,0.5,0.5,0,0,0.3,22.8,2.5
2,2020-02-01 00:02:41,2020-02-01 00:22:48,1,3.12,1,N,230,79,1,15,0.5,0.5,4.7,0,0.3,23.5,2.5
2,2020-02-01 00:23:52,2020-02-01 00:31:08,1,2.48,1,N,79,229,1,9,0.5,0.5,2,0,0.3,14.8,2.5
2,2020-02-01 00:33:15,2020-02-01 00:42:38,1,1.93,1,N,229,68,1,8.5,0.5,0.5,2.46,0,0.3,14.76,2.5
1,2020-02-01 00:30:42,2020-02-01 01:00:55,1,21.30,1,N,132,40,1,56.5,0.5,0.5,17.3,0,0.3,75.1,0
2,2020-02-01 00:24:13,2020-02-01 00:31:58,1,1.32,1,N,79,231,1,7,0.5,0.5,2.7,0,0.3,13.5,2.5
2,2020-02-01 00:36:43,2020-02-01 01:01:11,1,4.08,1,N,231,255,1,19,0.5,0.5,4.56,0,0.3,27.36,2.5
1,2020-02-01 00:01:48,2020-02-01 00:11:03,1,2.30,1,N,239,262,1,9.5,3,0.5,2.65,0,0.3,15.95,2.5
1,2020-02-01 00:34:55,2020-02-01 00:43:18,1,1.50,1,N,260,129,2,8,0.5,0.5,0,0,0.3,9.3,0
1,2020-02-01 00:16:53,2020-02-01 00:28:26,1,3.00,1,N,4,87,1,12.5,3,0.5,4.05,0,0.3,20.35,2.5
1,2020-02-01 00:13:19,2020-02-01 00:46:49,1,4.70,1,N,90,256,1,24,3,0.5,2.2,0,0.3,30,2.5
1,2020-02-01 00:16:09,2020-02-01 00:20:02,1,1.10,1,N,141,229,2,5.5,3,0.5,0,0,0.3,9.3,2.5
1,2020-02-01 00:27:48,2020-02-01 00:42:46,1,3.90,1,N,233,146,1,14,3,0.5,3.55,0,0.3,21.35,2.5
2,2020-02-01 00:57:54,2020-02-01 01:11:36,2,6.12,1,N,132,124,1,18.5,0.5,0.5,3.96,0,0.3,23.76,0
2,2020-02-01 00:16:00,2020-02-01 00:22:03,1,.75,1,N,170,100,1,5.5,0.5,0.5,2.79,0,0.3,12.09,2.5
2,2020-02-01 00:30:05,2020-02-01 00:39:41,1,1.64,1,N,249,107,1,8,0.5,0.5,2.36,0,0.3,14.16,2.5
2,2020-02-01 00:54:03,2020-02-01 01:00:33,1,1.55,1,N,164,113,1,7,0.5,0.5,2.16,0,0.3,12.96,2.5
2,2020-02-01 00:15:26,2020-02-01 00:15:31,1,.00,5,N,170,170,1,62,0,0.5,12.56,0,0.3,75.36,0
2,2020-02-01 00:35:58,2020-02-01 00:45:57,1,.72,1,N,158,68,1,7.5,0.5,0.5,2.26,0,0.3,13.56,2.5
1,2020-02-01 00:03:19,2020-02-01 00:19:22,0,7.50,1,N,45,75,1,23,3,0.5,5.35,0,0.3,32.15,2.5
1,2020-02-01 00:45:09,2020-02-01 00:56:34,0,1.30,1,N,148,231,1,8.5,3,0.5,2,0,0.3,14.3,2.5
1,2020-02-01 00:35:05,2020-02-01 01:02:51,1,6.90,1,N,164,25,1,25,3,0.5,5.75,0,0.3,34.55,2.5
1,2020-02-01 00:26:20,2020-02-01 00:30:34,1,.60,1,N,237,237,2,5,3,0.5,0,0,0.3,8.8,2.5
2,2020-02-01 00:31:22,2020-02-01 00:38:25,1,1.16,1,N,234,68,1,6.5,0.5,0.5,2.06,0,0.3,12.36,2.5
2,2020-02-01 00:46:50,2020-02-01 01:10:44,1,5.33,1,N,249,24,1,20.5,0.5,0.5,6.08,0,0.3,30.38,2.5
1,2020-02-01 00:01:33,2020-02-01 00:21:23,1,4.00,1,N,50,79,1,16,3,0.5,3.95,0,0.3,23.75,2.5
1,2020-02-01 00:23:19,2020-02-01 00:32:53,1,2.90,1,N,79,237,1,10.5,3,0.5,2.5,0,0.3,16.8,2.5
1,2020-02-01 00:42:51,2020-02-01 01:36:01,1,12.30,1,N,234,70,1,48,3,0.5,0,0,0.3,51.8,2.5
2,2020-02-01 00:03:13,2020-02-01 00:11:39,1,1.83,1,N,237,163,2,8.5,0.5,0.5,0,0,0.3,12.3,2.5
2,2020-02-01 00:35:43,2020-02-01 00:43:58,1,1.62,1,N,237,161,2,8,0.5,0.5,0,0,0.3,11.8,2.5
2,2020-02-01 00:51:04,2020-02-01 01:01:59,1,3.01,1,N,237,41,1,11,0.5,0.5,2.96,0,0.3,17.76,2.5
2,2020-02-01 00:28:59,2020-02-01 01:00:10,1,9.96,1,N,50,227,1,32,0.5,0.5,6.29,6.12,0.3,48.21,2.5
2,2020-02-01 00:25:54,2020-02-01 00:30:18,1,.35,1,N,144,148,1,4.5,0.5,0.5,1.66,0,0.3,9.96,2.5
2,2020-02-01 00:38:10,2020-02-01 00:45:51,1,.71,1,N,4,79,1,6.5,0.5,0.5,2.58,0,0.3,12.88,2.5
1,2020-02-01 00:01:47,2020-02-01 00:14:32,1,2.60,1,N,48,236,1,11,3,0.5,2.95,0,0.3,17.75,2.5
1,2020-02-01 00:16:16,2020-02-01 00:22:19,2,1.40,1,N,236,162,1,6.5,3,0.5,2.06,0,0.3,12.36,2.5
2,2020-02-01 00:40:38,2020-02-01 00:51:02,1,1.58,1,N,79,137,1,8.5,0.5,0.5,2.46,0,0.3,14.76,2.5
1,2020-02-01 00:02:05,2020-02-01 00:30:17,4,6.40,1,N,162,141,1,23,3,0.5,2.68,0,0.3,29.48,2.5
1,2020-02-01 00:56:08,2020-02-01 01:15:48,1,4.60,1,N,68,217,2,17,3,0.5,0,0,0.3,20.8,2.5
2,2020-02-01 00:33:38,2020-02-01 00:39:11,1,.58,1,N,114,211,1,5.5,0.5,0.5,1.86,0,0.3,11.16,2.5
2,2020-02-01 00:44:52,2020-02-01 00:49:01,1,1.05,1,N,211,231,1,5.5,0.5,0.5,1.86,0,0.3,11.16,2.5
1,2020-02-01 00:18:06,2020-02-01 00:32:09,1,3.60,1,N,141,112,2,13.5,3,0.5,0,0,0.3,17.3,2.5
2,2020-02-01 00:17:22,2020-02-01 00:30:31,1,3.27,1,N,125,50,1,12.5,0.5,0.5,3.26,0,0.3,19.56,2.5
2,2020-02-01 00:44:21,2020-02-01 00:48:41,2,1.60,1,N,229,141,1,6.5,0.5,0.5,2.06,0,0.3,12.36,2.5
2,2020-02-01 00:02:21,2020-02-01 00:18:37,1,2.51,1,N,225,189,1,12.5,0.5,0.5,2.76,0,0.3,18.51,0
1,2020-02-01 00:54:50,2020-02-01 01:26:50,1,10.10,1,N,186,119,2,33,3,0.5,0,0,0.3,36.8,2.5
2,2020-02-01 00:18:20,2020-02-01 00:21:00,1,.58,1,N,230,186,2,4,0.5,0.5,0,0,0.3,7.8,2.5
2,2020-02-01 00:35:54,2020-02-01 00:39:31,1,.87,1,N,90,186,1,5,0.5,0.5,1.76,0,0.3,10.56,2.5
1,2020-02-01 00:11:24,2020-02-01 00:23:31,1,.60,1,N,114,144,1,8.5,3,0.5,2.45,0,0.3,14.75,2.5
1,2020-02-01 00:41:22,2020-02-01 00:50:05,1,1.70,1,N,107,211,1,8,3,0.5,2.35,0,0.3,14.15,2.5
1,2020-02-01 00:22:12,2020-02-01 00:34:51,1,3.40,1,N,100,263,1,12,3,0.5,3.15,0,0.3,18.95,2.5
2,2020-02-01 00:27:13,2020-02-01 00:52:40,1,4.19,1,N,50,144,1,19,0.5,0.5,4.56,0,0.3,27.36,2.5
2,2020-02-01 00:48:41,2020-02-01 01:01:02,4,2.28,1,N,232,137,1,10.5,0.5,0.5,3.58,0,0.3,17.88,2.5
1,2020-02-01 00:47:31,2020-02-01 01:20:18,2,4.60,1,N,87,17,1,22.5,3,0.5,3,0,0.3,29.3,2.5
1,2020-02-01 00:39:14,2020-02-01 00:44:08,2,1.00,1,N,107,170,2,6,3,0.5,0,0,0.3,9.8,2.5
1,2020-02-01 00:58:18,2020-02-01 01:46:27,1,6.40,1,N,107,188,2,33,3,0.5,0,0,0.3,36.8,2.5
2,2020-02-01 00:36:34,2020-02-01 00:53:13,4,3.82,1,N,148,237,1,14.5,0.5,0.5,3.66,0,0.3,21.96,2.5
1,2020-02-01 00:36:50,2020-02-01 00:50:00,1,2.50,1,N,170,143,1,11,3,0.5,2.95,0,0.3,17.75,2.5
1,2020-02-01 00:53:11,2020-02-01 01:00:23,1,1.80,1,N,143,68,1,7.5,3,0.5,2.25,0,0.3,13.55,2.5
2,2020-02-01 00:16:55,2020-02-01 00:25:57,1,2.41,1,N,263,162,1,9,0.5,0.5,1.5,0,0.3,14.3,2.5
2,2020-02-01 00:38:52,2020-02-01 00:50:08,1,1.89,1,N,161,90,1,9.5,0.5,0.5,2.66,0,0.3,15.96,2.5
2,2020-02-01 00:53:52,2020-02-01 01:17:54,1,4.43,1,N,234,255,1,18.5,0.5,0.5,4.46,0,0.3,26.76,2.5
2,2020-02-01 00:03:50,2020-02-01 00:09:28,1,2.23,1,N,170,141,1,8,0.5,0.5,2.36,0,0.3,14.16,2.5
2,2020-02-01 00:11:09,2020-02-01 00:28:07,1,3.06,1,N,141,50,1,13.5,0.5,0.5,3.46,0,0.3,20.76,2.5
2,2020-02-01 00:46:34,2020-02-01 00:51:31,1,.91,1,N,229,237,1,5.5,0.5,0.5,1.86,0,0.3,11.16,2.5
1,2020-02-01 00:14:13,2020-02-01 00:25:21,1,2.00,1,N,161,137,2,9.5,3,0.5,0,0,0.3,13.3,2.5
1,2020-02-01 00:30:32,2020-02-01 00:42:29,1,2.50,1,N,234,13,1,10.5,3,0.5,2.85,0,0.3,17.15,2.5
2,2020-01-31 23:57:39,2020-01-31 23:58:26,5,.10,1,N,132,132,2,2.5,0.5,0.5,0,0,0.3,3.8,0
2,2020-01-31 23:58:52,2020-02-01 00:31:23,5,21.55,2,N,132,243,1,52,0,0.5,10,6.12,0.3,68.92,0
1,2020-02-01 00:23:26,2020-02-01 00:28:52,1,1.00,1,N,249,79,2,5.5,3,0.5,0,0,0.3,9.3,2.5
1,2020-02-01 00:30:59,2020-02-01 00:57:45,1,4.20,1,N,79,112,1,20,3,0.5,2,0,0.3,25.8,2.5
2,2020-02-01 00:02:30,2020-02-01 00:45:50,6,6.36,1,N,68,256,1,30.5,0.5,0.5,3.4,0,0.3,37.7,2.5
2,2020-02-01 00:47:37,2020-02-01 00:54:16,6,1.87,1,N,256,232,1,8,0.5,0.5,2,0,0.3,13.8,2.5
2,2020-02-01 00:08:16,2020-02-01 00:28:13,3,4.64,1,N,48,13,1,17.5,0.5,0.5,2,0,0.3,23.3,2.5
2,2020-02-01 00:29:07,2020-02-01 00:35:01,2,1.59,1,N,13,87,1,7,0.5,0.5,1,0,0.3,11.8,2.5
2,2020-02-01 00:08:52,2020-02-01 00:37:34,1,4.59,1,N,48,164,2,20,0.5,0.5,0,0,0.3,23.8,2.5
2,2020-02-01 00:19:25,2020-02-01 00:29:49,1,1.41,1,N,162,48,2,8.5,0.5,0.5,0,0,0.3,12.3,2.5
2,2020-02-01 00:35:37,2020-02-01 00:37:32,1,.37,1,N,48,163,1,3.5,0.5,0.5,1.46,0,0.3,8.76,2.5
2,2020-02-01 00:48:22,2020-02-01 00:50:08,1,.34,1,N,237,237,2,3,0.5,0.5,0,0,0.3,6.8,2.5
2,2020-02-01 00:41:12,2020-02-01 01:17:35,2,19.97,1,N,132,147,2,56.5,0.5,0.5,0,6.12,0.3,63.92,0
2,2020-02-01 00:01:06,2020-02-01 00:23:49,1,4.54,1,N,163,223,2,19,0.5,0.5,0,0,0.3,22.8,2.5
1,2020-02-01 00:30:01,2020-02-01 00:41:52,2,2.80,1,N,249,50,1,11,3,0.5,2.95,0,0.3,17.75,2.5
2,2020-02-01 00:08:33,2020-02-01 00:13:24,1,.77,1,N,107,113,2,5,0.5,0.5,0,0,0.3,8.8,2.5
1,2020-02-01 00:45:36,2020-02-01 00:57:13,2,3.10,1,N,107,236,1,11.5,3,0.5,3.05,0,0.3,18.35,2.5
2,2020-02-01 00:26:13,2020-02-01 00:59:56,2,9.33,1,N,163,181,1,30.5,0.5,0.5,8.08,6.12,0.3,48.5,2.5
2,2020-02-01 00:07:24,2020-02-01 00:17:06,1,1.94,1,N,158,107,1,8.5,0.5,0.5,2.46,0,0.3,14.76,2.5
2,2020-02-01 00:35:00,2020-02-01 00:41:17,1,.77,1,N,4,79,1,5.5,0.5,0.5,1.86,0,0.3,11.16,2.5
2,2020-02-01 00:46:11,2020-02-01 00:54:07,1,1.35,1,N,79,137,1,7,0.5,0.5,2.16,0,0.3,12.96,2.5
2,2020-02-01 00:29:21,2020-02-01 00:41:46,1,2.49,1,N,237,238,1,10.5,0.5,0.5,2.86,0,0.3,17.16,2.5
2,2020-02-01 00:33:41,2020-02-01 00:44:53,1,1.64,1,N,230,234,1,9,0.5,0.5,2,0,0.3,14.8,2.5
1,2020-02-01 00:01:19,2020-02-01 00:10:53,1,3.30,1,N,232,80,1,11.5,3,0.5,3.05,0,0.3,18.35,2.5
1,2020-02-01 00:12:39,2020-02-01 00:35:06,2,3.20,1,N,80,198,2,15.5,0.5,0.5,0,0,0.3,16.8,0
1,2020-02-01 00:03:31,2020-02-01 00:13:06,1,2.40,1,N,229,146,1,10,3,0.5,2,0,0.3,15.8,2.5
1,2020-02-01 00:57:21,2020-02-01 01:05:05,1,1.20,1,N,229,140,2,7,3,0.5,0,0,0.3,10.8,2.5
1,2020-02-01 00:06:38,2020-02-01 00:17:17,2,1.90,1,N,234,237,1,9.5,3,0.5,2.66,0,0.3,15.96,2.5
1,2020-02-01 00:21:32,2020-02-01 00:35:19,2,1.30,1,N,230,229,2,9.5,3,0.5,0,0,0.3,13.3,2.5
1,2020-02-01 00:56:20,2020-02-01 01:05:52,4,.70,1,N,79,148,1,7,3,0.5,2.15,0,0.3,12.95,2.5
2,2020-02-01 00:25:19,2020-02-01 00:31:20,1,.80,1,N,232,45,1,6,0.5,0.5,1.47,0,0.3,11.27,2.5
2,2020-02-01 00:39:01,2020-02-01 00:43:27,1,.72,1,N,211,114,1,5,0.5,0.5,2.64,0,0.3,11.44,2.5
2,2020-02-01 00:45:56,2020-02-01 01:06:32,1,6.26,1,N,79,151,1,19.5,0.5,0.5,5.82,0,0.3,29.12,2.5
2,2020-02-01 00:29:29,2020-02-01 00:35:13,4,1.23,1,N,209,125,2,6,0.5,0.5,0,0,0.3,9.8,2.5
2,2020-02-01 00:39:55,2020-02-01 00:46:03,3,1.16,1,N,158,90,1,6.5,0.5,0.5,2.06,0,0.3,12.36,2.5
2,2020-02-01 00:49:09,2020-02-01 00:53:54,4,.80,1,N,90,249,1,5,0.5,0.5,1.76,0,0.3,10.56,2.5
2,2020-02-01 00:01:20,2020-02-01 00:10:13,1,1.69,1,N,114,261,1,8,0.5,0.5,2.36,0,0.3,14.16,2.5
2,2020-02-01 00:22:08,2020-02-01 00:28:38,1,.86,1,N,211,148,1,6,0.5,0.5,1.96,0,0.3,11.76,2.5
2,2020-02-01 00:47:13,2020-02-01 00:58:01,1,2.55,1,N,144,233,1,10,0.5,0.5,2.76,0,0.3,16.56,2.5
2,2020-02-01 00:10:44,2020-02-01 00:24:35,1,5.02,1,N,151,68,1,16.5,0.5,0.5,0,0,0.3,17.8,0
2,2020-02-01 00:30:45,2020-02-01 00:33:28,1,.63,1,N,100,230,1,4.5,0.5,0.5,1.66,0,0.3,9.96,2.5
2,2020-02-01 00:36:53,2020-02-01 00:40:24,1,.00,1,N,230,230,3,-4,-0.5,-0.5,0,0,-0.3,-7.8,-2.5
2,2020-02-01 00:36:53,2020-02-01 00:40:24,1,.00,1,N,230,230,2,4,0.5,0.5,0,0,0.3,7.8,2.5
2,2020-02-01 00:44:30,2020-02-01 00:47:22,1,.47,1,N,48,48,2,4,0.5,0.5,0,0,0.3,7.8,2.5
2,2020-02-01 00:51:05,2020-02-01 00:55:30,1,1.07,1,N,163,142,2,5.5,0.5,0.5,0,0,0.3,9.3,2.5
2,2020-02-01 01:00:29,2020-02-01 01:40:50,1,10.06,1,N,142,177,2,34,0.5,0.5,0,0,0.3,37.8,2.5
2,2020-02-01 00:36:19,2020-02-01 00:42:06,3,1.97,1,N,255,232,1,8,0.5,0.5,2,0,0.3,13.8,2.5
2,2020-02-01 00:12:41,2020-02-01 00:29:16,1,3.70,1,N,231,230,1,14,0.5,0.5,4.45,0,0.3,22.25,2.5
2,2020-02-01 00:55:46,2020-02-01 01:01:12,1,.74,1,N,229,162,1,5.5,0.5,0.5,1.86,0,0.3,11.16,2.5
2,2020-02-01 00:23:16,2020-02-01 00:29:00,2,1.28,1,N,170,237,1,6.5,0.5,0.5,1,0,0.3,11.3,2.5
1,2020-02-01 00:29:35,2020-02-01 00:43:22,2,3.70,1,N,234,263,1,13,3,0.5,3.35,0,0.3,20.15,2.5
2,2020-02-01 00:02:50,2020-02-01 00:10:14,1,1.50,1,N,142,238,1,7.5,0.5,0.5,2.82,0,0.3,14.12,2.5
2,2020-02-01 00:41:55,2020-02-01 00:45:59,1,.46,1,N,142,142,1,4.5,0.5,0.5,0,0,0.3,8.3,2.5
2,2020-02-01 00:59:37,2020-02-01 01:14:23,1,3.00,1,N,142,107,1,12.5,0.5,0.5,1.5,0,0.3,17.8,2.5
2,2020-02-01 00:07:09,2020-02-01 00:16:46,1,3.06,1,N,137,262,1,10.5,0.5,0.5,2.86,0,0.3,17.16,2.5
2,2020-02-01 00:26:09,2020-02-01 00:41:24,1,4.07,1,N,263,234,1,14.5,0.5,0.5,3.66,0,0.3,21.96,2.5
2,2020-02-01 00:48:39,2020-02-01 01:07:24,1,6.34,5,N,164,265,1,45,0,0.5,15.01,11.75,0.3,75.06,2.5
1,2020-02-01 00:20:35,2020-02-01 00:30:15,2,1.30,1,N,234,246,1,8,3,0.5,2.35,0,0.3,14.15,2.5
1,2020-02-01 00:40:43,2020-02-01 00:52:21,1,1.80,1,N,68,234,2,9.5,3,0.5,0,0,0.3,13.3,2.5
2,2020-02-01 00:03:18,2020-02-01 00:16:22,1,2.26,1,N,148,170,2,11,0.5,0.5,0,0,0.3,14.8,2.5
2,2020-02-01 00:02:43,2020-02-01 00:10:37,1,1.96,1,N,229,164,1,8.5,0.5,0.5,1,0,0.3,13.3,2.5
2,2020-02-01 00:14:50,2020-02-01 00:19:25,2,.73,1,N,234,186,1,5,0.5,0.5,2,0,0.3,10.8,2.5
2,2020-02-01 00:21:45,2020-02-01 00:35:31,1,2.37,1,N,186,79,1,11,0.5,0.5,3.7,0,0.3,18.5,2.5
2,2020-02-01 00:38:58,2020-02-01 00:54:22,2,4.84,1,N,79,43,1,15.5,0.5,0.5,3.86,0,0.3,23.16,2.5
1,2020-02-01 00:40:05,2020-02-01 00:48:54,0,2.10,1,N,230,141,2,9,3,0.5,0,0,0.3,12.8,2.5
1,2020-02-01 00:57:42,2020-02-01 01:13:54,0,3.20,1,N,161,79,1,13,3,0.5,3.35,0,0.3,20.15,2.5
2,2020-02-01 00:23:36,2020-02-01 00:34:48,1,2.27,1,N,7,260,2,9.5,0.5,0.5,0,0,0.3,10.8,0
2,2020-02-01 00:22:50,2020-02-01 00:26:43,1,.56,1,N,140,237,1,4.5,0.5,0.5,1.66,0,0.3,9.96,2.5
1,2020-02-01 00:05:32,2020-02-01 00:08:50,2,.40,1,N,142,142,1,4.5,3,0.5,1.66,0,0.3,9.96,2.5
1,2020-02-01 00:12:05,2020-02-01 00:15:40,2,1.00,1,N,239,238,1,5,3,0.5,1.75,0,0.3,10.55,2.5
1,2020-02-01 00:53:52,2020-02-01 01:05:42,1,3.70,1,N,68,238,1,13,3,0.5,3,0,0.3,19.8,2.5
2,2020-02-01 00:19:48,2020-02-01 00:31:58,1,2.01,1,N,142,162,2,10,0.5,0.5,0,0,0.3,13.8,2.5
2,2020-02-01 00:51:05,2020-02-01 01:04:27,1,3.30,1,N,186,263,1,12.5,0.5,0.5,4.89,0,0.3,21.19,2.5
2,2020-02-01 00:11:22,2020-02-01 00:18:51,2,1.84,1,N,162,107,1,8,0.5,0.5,2.36,0,0.3,14.16,2.5
2,2020-02-01 00:20:09,2020-02-01 00:34:40,2,4.12,1,N,107,87,1,16,0.5,0.5,3.96,0,0.3,23.76,2.5
1,2020-02-01 00:07:54,2020-02-01 00:29:56,1,17.10,2,N,132,75,1,52,2.5,0.5,5.5,6.12,0.3,66.92,0
1,2020-02-01 00:48:20,2020-02-01 00:53:30,2,1.70,1,N,263,162,1,7,3,0.5,2.16,0,0.3,12.96,2.5
1,2020-02-01 00:02:35,2020-02-01 00:18:42,1,.00,1,N,116,220,1,20.2,0,0.5,0,2.8,0.3,23.8,0
1,2020-02-01 00:03:38,2020-02-01 00:17:29,1,3.80,1,N,74,142,1,13.5,3,0.5,3.45,0,0.3,20.75,2.5
1,2020-02-01 00:20:45,2020-02-01 00:31:05,1,6.10,1,N,142,244,1,18.5,3,0.5,5.55,0,0.3,27.85,2.5
2,2020-02-01 00:03:40,2020-02-01 00:08:08,1,.88,1,N,186,161,1,5.5,0.5,0.5,2.32,0,0.3,11.62,2.5
2,2020-02-01 00:26:37,2020-02-01 00:32:32,1,.88,1,N,48,68,2,6,0.5,0.5,0,0,0.3,9.8,2.5
1,2020-02-01 00:06:12,2020-02-01 00:18:45,2,2.30,1,N,33,181,1,10.5,0.5,0.5,2.35,0,0.3,14.15,0
1,2020-02-01 00:27:21,2020-02-01 00:36:14,1,1.60,1,N,52,189,1,8,0.5,0.5,1.67,0,0.3,10.97,0
1,2020-02-01 00:57:38,2020-02-01 01:05:17,4,1.30,1,N,79,125,1,7,3,0.5,2.15,0,0.3,12.95,2.5
1,2020-02-01 00:12:11,2020-02-01 00:24:20,1,2.10,1,N,45,249,1,9.5,3,0.5,0,0,0.3,13.3,2.5
1,2020-02-01 00:29:04,2020-02-01 00:34:55,1,1.20,1,N,114,231,1,6,3,0.5,1,0,0.3,10.8,2.5
2,2020-02-01 00:12:26,2020-02-01 00:27:43,3,4.08,1,N,7,237,2,14.5,0.5,0.5,0,0,0.3,18.3,2.5
2,2020-02-01 00:47:17,2020-02-01 01:07:35,3,6.67,1,N,114,263,1,23,0.5,0.5,2,0,0.3,28.8,2.5
2,2020-01-31 23:53:11,2020-01-31 23:57:53,1,.87,1,N,238,239,1,5.5,0.5,0.5,1.67,0,0.3,10.97,2.5
2,2020-01-31 23:59:31,2020-02-01 00:31:20,1,8.73,1,N,239,95,1,29.5,0.5,0.5,6.66,0,0.3,39.96,2.5
2,2020-02-01 00:01:16,2020-02-01 00:15:26,1,2.90,1,N,234,143,1,12,0.5,0.5,3.16,0,0.3,18.96,2.5
2,2020-02-01 00:21:47,2020-02-01 00:39:06,1,4.06,1,N,142,145,1,15.5,0.5,0.5,3.86,0,0.3,23.16,2.5
2,2020-02-01 00:59:34,2020-02-01 01:06:50,1,1.70,1,N,237,164,1,8,0.5,0.5,1,0,0.3,12.8,2.5
1,2020-02-01 00:22:55,2020-02-01 00:30:01,0,1.00,1,N,231,148,1,6.5,3,0.5,1,0,0.3,11.3,2.5
1,2020-02-01 00:36:11,2020-02-01 01:05:38,1,5.60,1,N,148,40,1,23,3,0.5,5.35,0,0.3,32.15,2.5
2,2020-02-01 00:07:01,2020-02-01 00:22:58,1,3.02,1,N,161,79,1,13,0.5,0.5,3.36,0,0.3,20.16,2.5
2,2020-02-01 00:21:05,2020-02-01 00:32:51,1,3.12,1,N,170,239,1,11.5,0.5,0.5,2.3,0,0.3,17.6,2.5
2,2020-02-01 00:35:18,2020-02-01 00:39:03,2,.69,1,N,239,143,1,4.5,0.5,0.5,1.66,0,0.3,9.96,2.5
1,2020-02-01 00:03:10,2020-02-01 00:06:19,1,.40,1,N,107,164,1,4,3,0.5,1.55,0,0.3,9.35,2.5
1,2020-02-01 00:09:03,2020-02-01 00:23:45,2,1.70,1,N,234,148,1,10.5,3,0.5,3.55,0,0.3,17.85,2.5
1,2020-02-01 00:25:14,2020-02-01 00:32:00,1,.90,1,N,148,79,1,6.5,3,0.5,2.05,0,0.3,12.35,2.5
1,2020-02-01 00:55:01,2020-02-01 01:00:57,2,1.30,1,N,114,234,1,6.5,3,0.5,2.05,0,0.3,12.35,2.5
1,2020-02-01 00:55:51,2020-02-01 01:06:17,1,2.70,1,N,163,24,1,11,3,0.5,2.95,0,0.3,17.75,2.5
1,2020-02-01 00:21:58,2020-02-01 00:31:56,2,1.70,1,N,181,66,1,9,0.5,0.5,2.05,0,0.3,12.35,0
1,2020-02-01 00:08:32,2020-02-01 00:30:27,1,8.30,1,N,48,243,1,26,3,0.5,5.95,0,0.3,35.75,2.5
1,2020-02-01 00:54:45,2020-02-01 00:59:23,2,.80,1,N,48,68,1,5,3,0.5,0.88,0,0.3,9.68,2.5
2,2020-02-01 00:21:51,2020-02-01 00:30:55,1,2.04,1,N,90,48,1,8.5,0.5,0.5,2.46,0,0.3,14.76,2.5
1,2020-02-01 00:36:57,2020-02-01 00:49:53,2,2.80,1,N,148,229,1,11.5,3,0.5,3.05,0,0.3,18.35,2.5
1,2020-02-01 00:23:21,2020-02-01 00:33:53,1,2.60,1,N,229,226,2,11,3,0.5,0,0,0.3,14.8,2.5
2,2020-02-01 00:10:17,2020-02-01 00:26:15,1,3.39,1,N,90,142,1,13.5,0.5,0.5,2,0,0.3,19.3,2.5
2,2020-02-01 00:50:35,2020-02-01 00:58:48,1,1.37,1,N,144,232,1,7.5,0.5,0.5,1,0,0.3,12.3,2.5
2,2020-02-01 00:57:36,2020-02-01 01:17:05,1,4.99,1,N,88,50,2,18.5,0.5,0.5,0,0,0.3,22.3,2.5
2,2020-02-01 00:38:33,2020-02-01 01:10:38,1,18.56,2,N,132,4,1,52,0,0.5,5,0,0.3,60.3,2.5
2,2020-02-01 00:36:04,2020-02-01 01:00:37,1,2.45,1,N,158,148,1,16,0.5,0.5,3.96,0,0.3,23.76,2.5
2,2020-02-01 00:08:03,2020-02-01 00:22:33,1,3.35,1,N,238,186,1,13,0.5,0.5,1,0,0.3,17.8,2.5
2,2020-02-01 00:35:56,2020-02-01 00:49:46,1,1.30,1,N,158,114,1,9.5,0.5,0.5,2.66,0,0.3,15.96,2.5
1,2020-02-01 00:21:07,2020-02-01 00:29:36,2,1.10,1,N,79,4,1,7,3,0.5,0,0,0.3,10.8,2.5
1,2020-02-01 00:38:25,2020-02-01 00:49:06,1,.90,1,N,79,148,2,8,3,0.5,0,0,0.3,11.8,2.5
2,2020-01-31 23:59:48,2020-02-01 00:05:46,1,.99,1,N,261,231,1,6,0.5,0.5,1.96,0,0.3,11.76,2.5
2,2020-02-01 00:19:24,2020-02-01 00:26:56,1,1.12,1,N,142,230,1,7,0.5,0.5,2.16,0,0.3,12.96,2.5
2,2020-02-01 00:33:59,2020-02-01 00:47:37,1,2.94,1,N,43,41,1,12.5,0.5,0.5,2.44,0,0.3,18.74,2.5
2,2020-02-01 00:29:07,2020-02-01 00:33:48,1,1.15,1,N,114,231,1,5.5,0.5,0.5,1,0,0.3,10.3,2.5
2,2020-02-01 00:46:16,2020-02-01 00:59:30,2,1.01,1,N,231,148,1,9,0.5,0.5,2.56,0,0.3,15.36,2.5
2,2020-02-01 00:19:01,2020-02-01 00:26:51,2,1.77,1,N,48,239,1,8,0.5,0.5,2.36,0,0.3,14.16,2.5
2,2020-02-01 00:32:55,2020-02-01 00:36:27,2,.96,1,N,239,143,1,5,0.5,0.5,1.76,0,0.3,10.56,2.5
2,2020-02-01 00:42:03,2020-02-01 00:46:19,2,.84,1,N,230,230,1,5,0.5,0.5,1.76,0,0.3,10.56,2.5
1,2020-02-01 00:06:54,2020-02-01 00:44:25,1,9.80,1,N,231,82,1,34,3,0.5,0,0,0.3,37.8,2.5
2,2020-02-01 00:05:51,2020-02-01 00:14:43,1,1.80,1,N,211,90,1,8,0.5,0.5,1.77,0,0.3,13.57,2.5
2,2020-02-01 00:28:06,2020-02-01 00:42:29,1,1.59,1,N,158,148,1,10.5,0.5,0.5,0.72,0,0.3,15.02,2.5
2,2020-02-01 00:48:03,2020-02-01 00:57:47,1,.90,1,N,114,249,1,7.5,0.5,0.5,2,0,0.3,13.3,2.5
2,2020-02-01 00:32:28,2020-02-01 01:08:37,2,8.08,1,N,234,228,1,30,0.5,0.5,8.45,0,0.3,42.25,2.5
2,2020-01-31 23:54:59,2020-02-01 00:15:18,1,2.23,1,N,186,79,1,13.5,0.5,0.5,3.46,0,0.3,20.76,2.5
2,2020-02-01 00:19:43,2020-02-01 00:42:21,1,3.71,1,N,79,106,1,18,0.5,0.5,4.36,0,0.3,26.16,2.5
2,2020-02-01 00:36:18,2020-02-01 00:57:37,2,4.42,1,N,230,75,2,17.5,0.5,0.5,0,0,0.3,21.3,2.5
1,2020-02-01 00:16:38,2020-02-01 00:19:32,4,.50,1,N,48,48,1,4,3,0.5,1.55,0,0.3,9.35,2.5
1,2020-02-01 00:23:37,2020-02-01 00:47:24,2,5.90,1,N,230,83,3,21.5,3,0.5,0,0,0.3,25.3,2.5
1,2020-02-01 00:01:15,2020-02-01 00:32:34,2,7.50,1,N,249,7,2,26,3,0.5,0,0,0.3,29.8,2.5
2,2020-02-01 00:05:30,2020-02-01 00:13:41,1,2.49,1,N,162,263,2,9,0.5,0.5,0,0,0.3,12.8,2.5
2,2020-02-01 00:25:16,2020-02-01 00:29:17,1,1.26,1,N,141,263,1,5.5,0.5,0.5,1.86,0,0.3,11.16,2.5
2,2020-02-01 00:00:21,2020-02-01 00:38:52,2,17.19,4,N,100,265,1,59,0.5,0.5,0,2.8,0.3,65.6,2.5
1,2020-02-01 00:22:28,2020-02-01 00:26:54,2,1.00,1,N,50,246,1,5.5,3,0.5,1.4,0,0.3,10.7,2.5
1,2020-02-01 00:36:59,2020-02-01 00:46:40,1,2.60,1,N,161,145,1,10,3,0.5,2.07,0,0.3,15.87,2.5
2,2020-02-01 00:09:42,2020-02-01 00:19:20,2,1.83,1,N,211,88,1,8.5,0.5,0.5,2.46,0,0.3,14.76,2.5
2,2020-02-01 00:30:10,2020-02-01 00:46:47,2,2.16,1,N,231,232,1,12,0.5,0.5,0.8,0,0.3,16.6,2.5
1,2020-02-01 00:33:28,2020-02-01 00:46:43,1,2.10,1,N,231,79,1,10.5,3,0.5,2.86,0,0.3,17.16,2.5
1,2020-02-01 00:34:16,2020-02-01 00:45:35,2,1.90,1,N,113,68,1,9.5,3,0.5,1,0,0.3,14.3,2.5
2,2020-02-01 00:06:47,2020-02-01 00:13:30,1,1.70,1,N,237,239,1,7.5,0.5,0.5,2.26,0,0.3,13.56,2.5
2,2020-02-01 00:15:14,2020-02-01 00:22:55,1,1.38,1,N,239,236,1,8,0.5,0.5,1,0,0.3,12.8,2.5
2,2020-02-01 00:41:02,2020-02-01 00:45:26,1,1.51,1,N,142,238,1,6.5,0.5,0.5,2.06,0,0.3,12.36,2.5
1,2020-02-01 00:25:27,2020-02-01 00:29:40,1,.60,1,N,141,236,2,4.5,3,0.5,0,0,0.3,8.3,2.5
2,2020-02-01 00:05:21,2020-02-01 00:16:32,2,3.62,1,N,79,141,2,12,0.5,0.5,0,0,0.3,15.8,2.5
2,2020-02-01 00:18:13,2020-02-01 00:31:27,1,4.09,1,N,141,145,1,14,0.5,0.5,3.56,0,0.3,21.36,2.5
2,2020-02-01 00:39:57,2020-02-01 00:49:55,1,1.41,1,N,233,48,1,8.5,0.5,0.5,1.5,0,0.3,13.8,2.5
2,2020-02-01 00:51:58,2020-02-01 00:56:27,1,1.57,1,N,48,239,2,6.5,0.5,0.5,0,0,0.3,10.3,2.5
2,2020-02-01 00:00:18,2020-02-01 00:41:56,1,8.42,1,N,142,17,1,31.5,0.5,0.5,4,0,0.3,39.3,2.5
1,2020-02-01 00:01:52,2020-02-01 00:05:33,2,.90,1,N,263,75,1,5,3,0.5,1.5,0,0.3,10.3,2.5
1,2020-02-01 00:11:46,2020-02-01 00:22:12,1,3.20,1,N,236,107,1,11,3,0.5,2.95,0,0.3,17.75,2.5
1,2020-02-01 00:26:59,2020-02-01 00:45:33,1,4.60,1,N,234,7,1,17,3,0.5,4.15,0,0.3,24.95,2.5
1,2020-02-01 00:36:25,2020-02-01 00:40:08,1,.70,1,N,236,236,1,4.5,3,0.5,1.65,0,0.3,9.95,2.5
1,2020-02-01 00:41:52,2020-02-01 00:46:40,1,.50,1,N,236,262,1,5,3,0.5,1,0,0.3,9.8,2.5
1,2020-02-01 00:09:05,2020-02-01 00:30:32,2,3.00,1,N,148,233,1,15,3,0.5,3.75,0,0.3,22.55,2.5
2,2020-02-01 00:14:47,2020-02-01 00:30:48,1,2.88,1,N,211,256,1,13,0.5,0.5,4.2,0,0.3,21,2.5
2,2020-02-01 00:34:20,2020-02-01 00:42:19,1,1.66,1,N,256,112,1,7.5,0.5,0.5,1.76,0,0.3,10.56,0
2,2020-02-01 00:02:54,2020-02-01 00:12:09,1,1.88,1,N,114,170,1,9,0.5,0.5,2.56,0,0.3,15.36,2.5
2,2020-02-01 00:23:08,2020-02-01 00:30:37,1,1.25,1,N,107,79,1,7,0.5,0.5,2.16,0,0.3,12.96,2.5
1,2020-02-01 00:24:38,2020-02-01 00:28:19,1,.90,1,N,170,237,2,5,3,0.5,0,0,0.3,8.8,2.5
1,2020-02-01 00:32:37,2020-02-01 00:54:32,1,5.20,1,N,163,148,1,20.5,3,0.5,4.85,0,0.3,29.15,2.5
1,2020-02-01 00:18:57,2020-02-01 00:40:33,0,3.00,1,N,79,80,1,16.5,3,0.5,4.05,0,0.3,24.35,2.5
1,2020-02-01 00:22:54,2020-02-01 00:26:41,2,.40,1,N,161,230,1,4.5,3,0.5,3,0,0.3,11.3,2.5
1,2020-02-01 00:30:02,2020-02-01 00:40:45,1,1.30,1,N,48,234,1,8.5,3,0.5,2,0,0.3,14.3,2.5
1,2020-02-01 00:44:27,2020-02-01 00:49:01,2,.50,1,N,234,170,1,5,3,0.5,0.88,0,0.3,9.68,2.5
1,2020-02-01 00:59:08,2020-02-01 01:19:56,1,2.40,1,N,234,148,2,14,3,0.5,0,0,0.3,17.8,2.5
1,2020-02-01 00:46:10,2020-02-01 00:55:01,1,1.40,1,N,161,229,1,7.5,3,0.5,1,0,0.3,12.3,2.5
2,2020-02-01 00:00:53,2020-02-01 00:19:14,6,2.57,1,N,148,13,1,13.5,0.5,0.5,3.46,0,0.3,20.76,2.5
2,2020-02-01 00:45:07,2020-02-01 00:50:54,6,.60,1,N,234,90,1,5.5,0.5,0.5,1.86,0,0.3,11.16,2.5
2,2020-02-01 00:53:24,2020-02-01 01:00:33,6,.71,1,N,68,158,2,6,0.5,0.5,0,0,0.3,9.8,2.5
1,2020-02-01 00:23:50,2020-02-01 00:47:10,0,3.10,1,N,148,37,2,17,3,0.5,0,0,0.3,20.8,2.5
1,2020-02-01 00:23:29,2020-02-01 00:37:26,1,2.20,1,N,148,68,1,11,3,0.5,2.95,0,0.3,17.75,2.5
1,2020-02-01 00:09:27,2020-02-01 00:34:23,3,6.80,1,N,230,42,2,24,3,0.5,0,0,0.3,27.8,2.5
2,2020-02-01 00:43:03,2020-02-01 00:51:31,2,1.65,1,N,142,140,2,8,0.5,0.5,0,0,0.3,11.8,2.5
2,2020-02-01 00:40:56,2020-02-01 00:51:42,1,3.07,1,N,230,236,2,11.5,0.5,0.5,0,0,0.3,15.3,2.5
2,2020-02-01 00:47:20,2020-02-01 01:01:47,2,3.68,1,N,50,262,1,14,0.5,0.5,3.56,0,0.3,21.36,2.5
1,2020-02-01 00:30:18,2020-02-01 00:37:59,1,1.20,1,N,48,162,2,7,3,0.5,0,0,0.3,10.8,2.5
1,2020-02-01 00:58:38,2020-02-01 01:03:44,2,.60,1,N,230,48,2,5,3,0.5,0,0,0.3,8.8,2.5
1,2020-02-01 00:23:28,2020-02-01 00:26:03,2,.40,1,N,113,249,1,4,3,0.5,1,0,0.3,8.8,2.5
1,2020-02-01 00:30:14,2020-02-01 00:36:40,1,.90,1,N,249,79,1,6,3,0.5,1.95,0,0.3,11.75,2.5
1,2020-02-01 00:41:56,2020-02-01 00:54:29,1,2.20,1,N,79,209,1,10.5,3,0.5,3.55,0,0.3,17.85,2.5
1,2020-02-01 00:08:32,2020-02-01 00:24:05,1,3.30,1,N,234,142,1,14,3,0.5,2,0,0.3,19.8,2.5
1,2020-02-01 00:44:31,2020-02-01 00:49:03,2,1.20,1,N,237,161,2,6,3,0.5,0,0,0.3,9.8,2.5
2,2020-02-01 00:10:38,2020-02-01 00:15:17,3,1.10,1,N,263,238,1,6,0.5,0.5,2.45,0,0.3,12.25,2.5
2,2020-02-01 00:29:44,2020-02-01 00:39:25,2,2.18,1,N,161,140,1,9.5,0.5,0.5,1.5,0,0.3,14.8,2.5
2,2020-02-01 00:45:08,2020-02-01 00:45:56,2,.17,1,N,262,262,1,2.5,0.5,0.5,1.26,0,0.3,7.56,2.5
2,2020-02-01 00:49:50,2020-02-01 01:01:10,2,2.12,1,N,262,41,2,10,0.5,0.5,0,0,0.3,13.8,2.5
1,2020-02-01 00:02:14,2020-02-01 00:09:59,1,.90,1,N,249,107,1,6.5,3,0.5,2.05,0,0.3,12.35,2.5
1,2020-02-01 00:32:24,2020-02-01 00:47:52,1,3.70,1,N,249,142,1,14,3,0.5,3.55,0,0.3,21.35,2.5
2,2020-02-01 00:10:24,2020-02-01 00:17:40,5,.97,1,N,113,79,1,6.5,0.5,0.5,2.06,0,0.3,12.36,2.5
2,2020-02-01 00:24:42,2020-02-01 00:34:27,5,1.36,1,N,234,164,2,8,0.5,0.5,0,0,0.3,11.8,2.5
2,2020-02-01 00:52:37,2020-02-01 01:08:43,5,2.98,1,N,146,223,2,11,0.5,0.5,0,0,0.3,12.3,0
1,2020-02-01 00:13:15,2020-02-01 00:26:46,1,6.10,1,N,132,205,1,19,0.5,0.5,4.05,0,0.3,24.35,0
1,2020-02-01 00:16:29,2020-02-01 00:19:27,1,.70,1,N,68,68,1,4.5,3,0.5,0.5,0,0.3,8.8,2.5
1,2020-02-01 00:21:02,2020-02-01 00:30:16,1,1.50,1,N,68,246,2,8,3,0.5,0,0,0.3,11.8,2.5
1,2020-02-01 00:36:16,2020-02-01 00:41:14,2,1.10,1,N,50,246,1,6,3,0.5,1.2,0,0.3,11,2.5
1,2020-02-01 00:56:03,2020-02-01 01:07:22,2,1.80,1,N,239,48,1,9.5,3,0.5,2.65,0,0.3,15.95,2.5
2,2020-02-01 00:41:11,2020-02-01 01:15:20,1,20.20,2,N,132,211,2,52,0,0.5,0,0,0.3,55.3,2.5
2,2020-02-01 00:12:11,2020-02-01 00:23:14,5,1.05,1,N,48,163,2,8.5,0.5,0.5,0,0,0.3,12.3,2.5
2,2020-02-01 00:56:06,2020-02-01 01:09:09,4,5.87,1,N,233,42,2,17.5,0.5,0.5,0,0,0.3,21.3,2.5
2,2020-02-01 00:06:14,2020-02-01 00:16:34,1,1.79,1,N,79,231,1,9,0.5,0.5,2.56,0,0.3,15.36,2.5
2,2020-02-01 00:31:45,2020-02-01 00:36:05,1,.78,1,N,211,144,1,5,0.5,0.5,1.76,0,0.3,10.56,2.5
2,2020-02-01 00:37:13,2020-02-01 00:43:47,1,.90,1,N,144,231,1,6,0.5,0.5,1.96,0,0.3,11.76,2.5
2,2020-02-01 00:54:40,2020-02-01 01:12:12,1,3.77,1,N,211,255,1,15,0.5,0.5,2,0,0.3,20.8,2.5
2,2020-02-01 00:27:58,2020-02-01 00:46:36,1,4.03,1,N,144,140,2,16,0.5,0.5,0,0,0.3,19.8,2.5
2,2020-02-01 00:03:50,2020-02-01 00:13:58,1,3.24,1,N,79,140,1,11.5,0.5,0.5,1.5,0,0.3,16.8,2.5
2,2020-02-01 00:15:56,2020-02-01 00:17:25,2,.64,1,N,263,263,1,4,0.5,0.5,1.56,0,0.3,9.36,2.5
2,2020-02-01 00:21:22,2020-02-01 00:42:49,2,4.59,1,N,263,249,1,17,0.5,0.5,4.16,0,0.3,24.96,2.5
2,2020-02-01 00:53:21,2020-02-01 01:01:05,2,1.13,1,N,249,144,1,7,0.5,0.5,2.16,0,0.3,12.96,2.5
1,2020-02-01 00:02:50,2020-02-01 00:07:42,1,.70,1,N,41,24,2,5.5,0.5,0.5,0,0,0.3,6.8,0
1,2020-02-01 00:47:55,2020-02-01 00:54:56,1,2.30,1,N,233,262,1,8.5,3,0.5,2.45,0,0.3,14.75,2.5
1,2020-02-01 00:32:14,2020-02-01 00:42:00,1,1.10,1,N,45,148,1,7.5,3,0.5,1,0,0.3,12.3,2.5
1,2020-02-01 00:57:29,2020-02-01 01:07:45,1,.90,1,N,79,113,1,7.5,3,0.5,1.5,0,0.3,12.8,2.5
1,2020-02-01 00:00:11,2020-02-01 00:24:17,0,4.30,1,N,140,249,1,19,3,0.5,4.55,0,0.3,27.35,2.5
1,2020-02-01 00:27:10,2020-02-01 01:02:46,0,5.20,1,N,158,25,2,24,3,0.5,0,0,0.3,27.8,2.5
2,2020-02-01 00:12:36,2020-02-01 00:49:38,1,6.34,1,N,181,164,1,27,0.5,0.5,0,0,0.3,30.8,2.5
1,2020-02-01 00:02:08,2020-02-01 00:17:08,4,1.00,1,N,79,45,1,10.5,3,0.5,2.85,0,0.3,17.15,2.5
1,2020-02-01 00:19:09,2020-02-01 00:24:54,4,.60,1,N,45,231,2,5.5,3,0.5,0,0,0.3,9.3,2.5
1,2020-02-01 00:55:41,2020-02-01 01:09:15,2,2.70,1,N,229,90,1,11.5,3,0.5,3.05,0,0.3,18.35,2.5
2,2020-02-01 00:00:09,2020-02-01 00:23:45,1,4.62,1,N,211,17,1,19,0.5,0.5,6.84,0,0.3,29.64,2.5
2,2020-02-01 00:44:09,2020-02-01 01:03:17,1,4.59,1,N,232,61,1,17.5,0.5,0.5,3.2,0,0.3,24.5,2.5
2,2020-02-01 00:27:18,2020-02-01 00:57:11,1,4.17,1,N,113,17,1,22,0.5,0.5,7.74,0,0.3,33.54,2.5
2,2020-02-01 00:12:46,2020-02-01 00:19:14,1,1.22,1,N,234,164,1,7,0.5,0.5,2.7,0,0.3,13.5,2.5
2,2020-02-01 00:42:25,2020-02-01 00:52:28,1,2.82,1,N,48,263,1,10.5,0.5,0.5,2.86,0,0.3,17.16,2.5
2,2020-02-01 00:19:01,2020-02-01 00:29:51,1,1.71,1,N,230,107,2,9,0.5,0.5,0,0,0.3,12.8,2.5
2,2020-02-01 00:35:54,2020-02-01 00:41:33,1,1.24,1,N,164,249,2,6,0.5,0.5,0,0,0.3,9.8,2.5
2,2020-02-01 00:12:09,2020-02-01 00:18:23,2,1.41,1,N,137,79,1,6.5,0.5,0.5,2.06,0,0.3,12.36,2.5
2,2020-02-01 00:19:40,2020-02-01 00:29:56,3,1.77,1,N,79,234,1,9,0.5,0.5,2.56,0,0.3,15.36,2.5
2,2020-02-01 00:40:13,2020-02-01 00:44:00,2,.86,1,N,249,90,1,5,0.5,0.5,2.2,0,0.3,11,2.5
2,2020-02-01 00:47:55,2020-02-01 01:33:33,3,9.02,1,N,68,42,1,37,0.5,0.5,8.16,0,0.3,48.96,2.5
1,2020-02-01 00:35:36,2020-02-01 00:47:18,1,1.40,1,N,79,114,1,9,3,0.5,2.55,0,0.3,15.35,2.5
1,2020-02-01 00:49:18,2020-02-01 01:33:48,1,5.50,1,N,211,61,1,29.5,3,0.5,4,0,0.3,37.3,2.5
1,2020-02-01 00:38:14,2020-02-01 00:44:16,1,1.10,1,N,230,186,1,6,3,0.5,1.95,0,0.3,11.75,2.5
2,2020-02-01 00:22:41,2020-02-01 00:31:12,2,2.06,1,N,116,168,2,9,0.5,0.5,0,0,0.3,10.3,0
2,2020-02-01 00:51:39,2020-02-01 00:54:03,2,.35,1,N,79,232,1,3.5,0.5,0.5,1.46,0,0.3,8.76,2.5
2,2020-02-01 00:01:48,2020-02-01 00:21:35,1,4.95,1,N,143,202,1,17.5,0.5,0.5,6.39,0,0.3,27.69,2.5
2,2020-02-01 00:09:14,2020-02-01 00:16:41,3,1.77,1,N,231,113,2,7.5,0.5,0.5,0,0,0.3,11.3,2.5
2,2020-02-01 00:21:31,2020-02-01 00:54:01,2,5.48,1,N,113,37,1,23.5,0.5,0.5,8.19,0,0.3,35.49,2.5
2,2020-02-01 00:04:51,2020-02-01 00:15:20,1,1.20,1,N,79,249,1,8,0.5,0.5,0,0,0.3,11.8,2.5
2,2020-02-01 00:17:14,2020-02-01 00:28:29,2,1.68,1,N,249,107,1,9,0.5,0.5,2.56,0,0.3,15.36,2.5
2,2020-01-31 23:01:55,2020-01-31 23:12:42,1,1.66,1,N,163,170,1,8.5,0.5,0.5,2.46,0,0.3,14.76,2.5
2,2020-01-31 23:37:10,2020-01-31 23:39:00,4,.28,1,N,114,113,1,3.5,0.5,0.5,0.4,0,0.3,7.7,2.5
2,2020-01-31 23:46:02,2020-01-31 23:58:50,2,2.08,1,N,100,79,1,10.5,0.5,0.5,2.86,0,0.3,17.16,2.5
1,2020-02-01 00:14:44,2020-02-01 00:17:14,1,.80,1,N,236,236,1,4.5,3,0.5,1.65,0,0.3,9.95,2.5
1,2020-02-01 00:22:13,2020-02-01 00:38:29,1,4.70,1,N,237,7,1,15.5,3,0.5,2.5,0,0.3,21.8,2.5
1,2020-02-01 00:48:18,2020-02-01 01:04:29,1,4.90,1,N,7,48,1,16.5,3,0.5,6.05,0,0.3,26.35,2.5
1,2020-02-01 00:18:51,2020-02-01 00:35:32,1,3.40,1,N,79,230,1,13.5,3,0.5,2,0,0.3,19.3,2.5
1,2020-02-01 00:05:23,2020-02-01 00:26:17,3,5.80,1,N,50,87,1,19.5,3,0.5,2,0,0.3,25.3,2.5
1,2020-02-01 00:55:08,2020-02-01 01:13:49,1,2.50,1,N,87,79,1,13.5,3,0.5,1,0,0.3,18.3,2.5
2,2020-02-01 00:09:17,2020-02-01 00:15:17,1,1.28,1,N,234,113,1,6,0.5,0.5,1.76,0,0.3,11.56,2.5
2,2020-02-01 00:21:40,2020-02-01 00:29:10,1,1.29,1,N,249,90,1,7,0.5,0.5,2.16,0,0.3,12.96,2.5
2,2020-02-01 00:32:13,2020-02-01 00:39:54,1,1.14,1,N,90,68,1,7,0.5,0.5,2.16,0,0.3,12.96,2.5
2,2020-02-01 00:53:26,2020-02-01 01:03:07,1,1.48,1,N,79,4,1,8.5,0.5,0.5,2.46,0,0.3,14.76,2.5
2,2020-02-01 00:06:58,2020-02-01 00:17:20,1,2.13,1,N,113,246,2,9.5,0.5,0.5,0,0,0.3,13.3,2.5
2,2020-02-01 00:19:07,2020-02-01 00:49:50,1,5.60,1,N,68,33,1,22.5,0.5,0.5,2.7,0,0.3,29,2.5
2,2020-02-01 00:10:17,2020-02-01 00:21:52,1,1.93,1,N,148,87,1,9.5,0.5,0.5,2.66,0,0.3,15.96,2.5
2,2020-02-01 00:29:43,2020-02-01 00:45:30,1,2.92,1,N,87,79,2,12.5,0.5,0.5,0,0,0.3,16.3,2.5
2,2020-02-01 00:49:56,2020-02-01 01:00:42,1,2.10,1,N,114,88,1,9,0.5,0.5,2.56,0,0.3,15.36,2.5
2,2020-02-01 00:45:19,2020-02-01 00:52:57,1,.83,1,N,114,148,2,6.5,0.5,0.5,0,0,0.3,10.3,2.5
1,2020-02-01 00:18:46,2020-02-01 00:34:38,2,3.50,1,N,249,33,1,13,3,0.5,1.5,0,0.3,18.3,2.5
1,2020-02-01 00:35:52,2020-02-01 00:47:56,1,2.70,1,N,33,49,2,11.5,0.5,0.5,0,0,0.3,12.8,0
2,2020-02-01 00:32:35,2020-02-01 00:44:06,2,2.05,1,N,148,158,1,9.5,0.5,0.5,1,0,0.3,14.3,2.5
2,2020-02-01 00:50:53,2020-02-01 01:04:33,1,2.69,1,N,125,170,1,12,0.5,0.5,2,0,0.3,17.8,2.5
2,2020-02-01 00:00:45,2020-02-01 00:05:29,1,1.18,1,N,143,48,2,6,0.5,0.5,0,0,0.3,9.8,2.5
2,2020-02-01 00:10:04,2020-02-01 00:28:36,1,2.80,1,N,48,233,1,13.5,0.5,0.5,4.32,0,0.3,21.62,2.5
2,2020-02-01 00:35:30,2020-02-01 01:16:15,1,9.79,1,N,229,62,1,35,0.5,0.5,11.64,0,0.3,50.44,2.5
1,2020-02-01 00:48:32,2020-02-01 01:17:15,1,5.30,1,N,79,36,1,22,3,0.5,6.45,0,0.3,32.25,2.5
2,2020-01-31 23:56:44,2020-02-01 00:09:09,2,2.09,1,N,163,249,1,10,0.5,0.5,3.45,0,0.3,17.25,2.5
2,2020-02-01 00:18:56,2020-02-01 00:27:28,2,.82,1,N,234,224,1,7,0.5,0.5,2.16,0,0.3,12.96,2.5
2,2020-02-01 00:45:45,2020-02-01 00:51:39,2,1.11,1,N,211,249,1,6,0.5,0.5,1,0,0.3,10.8,2.5
1,2020-02-01 00:16:26,2020-02-01 00:26:30,2,1.40,1,N,211,79,1,8.5,3,0.5,2,0,0.3,14.3,2.5
1,2020-02-01 00:33:06,2020-02-01 00:43:18,2,1.60,1,N,79,232,1,8.5,3,0.5,2.45,0,0.3,14.75,2.5
2,2020-02-01 00:01:37,2020-02-01 00:10:41,2,1.26,1,N,48,246,1,7.5,0.5,0.5,1.13,0,0.3,12.43,2.5
2,2020-02-01 00:40:01,2020-02-01 00:48:47,3,1.95,1,N,234,161,2,8.5,0.5,0.5,0,0,0.3,12.3,2.5
2,2020-02-01 00:49:02,2020-02-01 00:57:45,1,1.06,1,N,231,87,1,7.5,0.5,0.5,2.26,0,0.3,13.56,2.5
2,2020-02-01 00:09:40,2020-02-01 00:15:46,1,1.17,1,N,234,114,1,6,0.5,0.5,1,0,0.3,10.8,2.5
2,2020-02-01 00:17:23,2020-02-01 00:29:35,1,1.63,1,N,114,234,1,9.5,0.5,0.5,2.66,0,0.3,15.96,2.5
2,2020-02-01 00:26:40,2020-02-01 00:32:59,1,.90,1,N,79,148,1,6,0.5,0.5,1.96,0,0.3,11.76,2.5
2,2020-02-01 00:43:40,2020-02-01 00:56:41,1,3.09,1,N,79,140,1,12,0.5,0.5,3.16,0,0.3,18.96,2.5
1,2020-02-01 00:13:23,2020-02-01 00:16:25,2,.50,1,N,141,162,1,4,3,0.5,1.55,0,0.3,9.35,2.5
2,2020-01-31 23:58:45,2020-02-01 00:09:12,4,1.98,1,N,230,237,1,9,0.5,0.5,1.92,0,0.3,14.72,2.5
2,2020-02-01 00:25:13,2020-02-01 01:00:40,3,5.09,1,N,113,37,1,24.5,0.5,0.5,5.66,0,0.3,33.96,2.5
2,2020-02-01 00:00:51,2020-02-01 00:12:58,4,2.40,1,N,107,50,1,10,0.5,0.5,3.45,0,0.3,17.25,2.5
2,2020-02-01 00:15:47,2020-02-01 00:26:46,3,1.86,1,N,50,170,1,9,0.5,0.5,2.56,0,0.3,15.36,2.5
2,2020-02-01 00:11:48,2020-02-01 00:25:59,1,2.43,1,N,48,114,1,11,0.5,0.5,2.96,0,0.3,17.76,2.5
2,2020-02-01 00:27:11,2020-02-01 00:59:08,2,3.69,1,N,114,255,1,21.5,0.5,0.5,7.59,0,0.3,32.89,2.5
2,2020-02-01 00:14:06,2020-02-02 00:00:39,1,4.47,1,N,50,79,1,19,0.5,0.5,3.42,0,0.3,26.22,2.5
2,2020-02-01 00:34:28,2020-02-01 00:50:18,1,3.72,1,N,68,229,1,14,0.5,0.5,3,0,0.3,20.8,2.5
2,2020-02-01 00:00:54,2020-02-01 00:08:58,1,4.19,1,N,132,219,1,13,0.5,0.5,3.58,0,0.3,17.88,0
2,2020-02-01 00:28:29,2020-02-01 00:30:44,2,.79,1,N,229,170,1,4,0.5,0.5,1,0,0.3,8.8,2.5
2,2020-02-01 00:50:55,2020-02-01 00:56:51,1,1.18,1,N,79,234,1,6.5,0.5,0.5,2.06,0,0.3,12.36,2.5
2,2020-02-01 00:17:34,2020-02-01 00:24:00,1,1.25,1,N,48,229,1,6,0.5,0.5,1.96,0,0.3,11.76,2.5
2,2020-02-01 00:54:23,2020-02-01 01:13:38,1,4.69,1,N,263,246,2,16.5,0.5,0.5,0,0,0.3,20.3,2.5
2,2020-02-01 00:15:22,2020-02-01 00:31:17,1,3.36,1,N,48,41,1,14,0.5,0.5,3.56,0,0.3,21.36,2.5
2,2020-02-01 00:36:08,2020-02-01 00:40:35,1,.65,1,N,41,24,1,5,0.5,0.5,1.26,0,0.3,7.56,0
2,2020-02-01 00:42:08,2020-02-01 00:54:40,1,1.86,1,N,24,42,2,10.5,0.5,0.5,0,0,0.3,11.8,0
2,2020-02-01 00:24:27,2020-02-01 00:32:31,2,2.32,1,N,107,140,1,9,0.5,0.5,2.56,0,0.3,15.36,2.5
2,2020-02-01 00:18:29,2020-02-01 00:51:00,2,6.69,1,N,79,181,1,25.5,0.5,0.5,5.86,0,0.3,35.16,2.5
2,2020-02-01 00:19:15,2020-02-01 00:22:38,1,.52,1,N,231,13,1,4,0.5,0.5,1.17,0,0.3,8.97,2.5
2,2020-02-01 00:25:44,2020-02-01 00:46:37,1,4.84,1,N,13,181,1,18.5,0.5,0.5,2.84,6.12,0.3,31.26,2.5
2,2020-02-01 00:48:49,2020-02-01 00:57:28,1,2.07,1,N,114,233,1,9,0.5,0.5,2.56,0,0.3,15.36,2.5
1,2020-02-01 00:35:13,2020-02-01 00:40:45,1,1.30,1,N,249,186,3,6.5,3,0.5,0,0,0.3,10.3,2.5
2,2020-02-01 00:20:04,2020-02-01 00:26:06,2,1.28,1,N,90,230,1,6.5,0.5,0.5,2.06,0,0.3,12.36,2.5
2,2020-02-01 00:31:20,2020-02-01 00:37:34,3,1.73,1,N,142,238,1,7.5,0.5,0.5,2.26,0,0.3,13.56,2.5
2,2020-02-01 00:50:50,2020-02-01 01:03:06,2,2.32,1,N,239,161,1,10.5,0.5,0.5,2.86,0,0.3,17.16,2.5
1,2020-02-01 00:04:34,2020-02-01 00:18:22,1,3.90,1,N,209,107,1,15,3,0.5,5.6,0,0.3,24.4,2.5
1,2020-02-01 00:26:12,2020-02-01 00:27:00,1,.00,1,N,186,68,3,2.5,3,0.5,0,0,0.3,6.3,2.5
1,2020-02-01 00:28:10,2020-02-01 00:42:35,1,3.90,5,N,68,265,1,45,0,0,6,11.75,0.3,63.05,0
2,2020-02-01 00:03:08,2020-02-01 00:22:24,2,5.75,1,N,186,42,1,18.5,0.5,0.5,5.58,0,0.3,27.88,2.5
2,2020-02-01 00:27:03,2020-02-01 00:36:07,2,2.24,1,N,74,42,1,9.5,0.5,0.5,0,0,0.3,10.8,0
1,2020-02-01 00:10:43,2020-02-01 00:20:26,2,1.70,1,N,107,229,1,8.5,3,0.5,2.45,0,0.3,14.75,2.5
1,2020-02-01 00:24:40,2020-02-01 00:30:58,1,2.60,1,N,141,74,2,9,3,0.5,0,0,0.3,12.8,2.5
1,2020-02-01 00:21:50,2020-02-01 00:24:34,2,.90,1,N,140,262,1,4.5,3,0.5,1.65,0,0.3,9.95,2.5
1,2020-02-01 00:28:18,2020-02-01 00:48:05,2,4.70,1,N,263,249,1,17,3,0.5,2.2,0,0.3,23,2.5
1,2020-02-01 00:51:21,2020-02-01 01:04:32,1,2.00,1,N,90,148,1,10.5,3,0.5,1.25,0,0.3,15.55,2.5
2,2020-02-01 00:02:30,2020-02-01 00:25:41,1,4.92,1,N,113,239,1,18.5,0.5,0.5,2.5,0,0.3,24.8,2.5
2,2020-02-01 00:52:40,2020-02-01 00:55:01,1,.38,1,N,107,234,2,3.5,0.5,0.5,0,0,0.3,7.3,2.5
2,2020-02-01 00:30:49,2020-02-01 00:54:30,1,4.40,1,N,249,256,1,18.5,0.5,0.5,2,0,0.3,24.3,2.5
2,2020-01-31 23:58:54,2020-02-01 00:22:18,1,4.57,1,N,25,225,1,18.5,0.5,0.5,2.5,0,0.3,22.3,0
2,2020-02-01 00:15:14,2020-02-01 00:21:23,1,1.81,1,N,90,48,1,7.5,0.5,0.5,2.26,0,0.3,13.56,2.5
2,2020-02-01 00:26:31,2020-02-01 00:41:19,1,3.04,1,N,50,107,1,13,0.5,0.5,3.36,0,0.3,20.16,2.5
2,2020-02-01 00:57:34,2020-02-01 01:03:17,1,.65,1,N,148,45,1,5.5,0.5,0.5,1.86,0,0.3,11.16,2.5
2,2020-02-01 00:51:06,2020-02-01 00:58:44,1,2.79,1,N,140,107,1,10,0.5,0.5,2.76,0,0.3,16.56,2.5
1,2020-02-01 00:49:49,2020-02-01 00:57:18,1,.80,1,N,249,114,1,6,3,0.5,1.47,0,0.3,11.27,2.5
1,2020-02-01 00:58:07,2020-02-01 01:08:03,1,1.40,1,N,114,249,2,8,3,0.5,0,0,0.3,11.8,2.5
2,2020-02-01 00:30:55,2020-02-01 00:36:30,1,1.71,1,N,143,246,1,7,0.5,0.5,1,0,0.3,11.8,2.5
2,2020-02-01 00:46:29,2020-02-01 00:52:31,1,1.20,1,N,186,246,1,6.5,0.5,0.5,2.06,0,0.3,12.36,2.5
2,2020-02-01 00:12:28,2020-02-01 00:20:16,1,1.38,1,N,141,161,2,7,0.5,0.5,0,0,0.3,10.8,2.5
2,2020-02-01 00:24:53,2020-02-01 00:36:55,2,2.06,1,N,79,231,1,10,0.5,0.5,2.76,0,0.3,16.56,2.5
2,2020-02-01 00:51:47,2020-02-01 01:02:46,1,1.98,1,N,148,234,1,9.5,0.5,0.5,1.33,0,0.3,14.63,2.5
1,2020-02-01 00:16:58,2020-02-01 00:22:36,1,.90,1,N,45,231,1,5.5,3,0.5,2,0,0.3,11.3,2.5
1,2020-02-01 00:09:28,2020-02-01 00:13:52,1,1.30,1,N,263,141,1,6,3,0.5,2.45,0,0.3,12.25,2.5
1,2020-02-01 00:18:38,2020-02-01 00:21:20,1,.30,1,N,236,263,1,4,3,0.5,1.55,0,0.3,9.35,2.5
1,2020-02-01 00:23:19,2020-02-01 00:35:07,1,3.90,1,N,262,170,1,14.5,3,0.5,3.65,0,0.3,21.95,2.5
1,2020-02-01 00:14:58,2020-02-01 00:48:41,1,10.90,1,N,211,123,1,35.5,3,0.5,5,6.12,0.3,50.42,2.5
2,2020-02-01 00:25:34,2020-02-01 00:28:16,1,.41,1,N,114,114,1,4,0.5,0.5,1.56,0,0.3,9.36,2.5
2,2020-02-01 00:31:03,2020-02-01 00:36:00,1,.61,1,N,144,79,1,5,0.5,0.5,1.76,0,0.3,10.56,2.5
2,2020-02-01 00:20:06,2020-02-01 00:22:32,1,.48,1,N,230,186,2,4,0.5,0.5,0,0,0.3,7.8,2.5
2,2020-02-01 00:53:37,2020-02-01 01:38:04,1,7.55,1,N,158,17,1,32.5,0.5,0.5,2,0,0.3,38.3,2.5
1,2020-02-01 00:37:54,2020-02-01 00:47:56,1,1.10,1,N,79,232,1,8,3,0.5,2,0,0.3,13.8,2.5
1,2020-02-01 00:55:54,2020-02-01 01:04:27,1,1.50,1,N,148,231,1,7.5,3,0.5,2,0,0.3,13.3,2.5
2,2020-02-01 00:05:09,2020-02-01 00:22:03,1,5.03,1,N,170,74,1,17,0.5,0.5,5.2,0,0.3,26,2.5
2,2020-02-01 00:38:32,2020-02-01 00:43:08,1,.78,1,N,263,262,1,5,0.5,0.5,1,0,0.3,9.8,2.5
2,2020-02-01 00:48:15,2020-02-01 00:56:22,1,3.18,1,N,140,168,2,10.5,0.5,0.5,0,0,0.3,14.3,2.5
2,2020-02-01 00:12:57,2020-02-01 00:24:56,1,3.23,1,N,7,237,1,12,0.5,0.5,4.74,0,0.3,20.54,2.5
2,2020-02-01 00:28:38,2020-02-01 00:35:56,1,1.61,1,N,163,186,1,7.5,0.5,0.5,2.26,0,0.3,13.56,2.5
2,2020-02-01 00:44:11,2020-02-01 01:16:16,1,4.67,1,N,249,49,1,22.5,0.5,0.5,5.26,0,0.3,31.56,2.5
1,2020-02-01 00:59:53,2020-02-01 01:06:58,4,1.30,1,N,231,79,1,6.5,3,0.5,2.05,0,0.3,12.35,2.5
2,2020-02-01 00:04:51,2020-02-01 00:06:36,1,.12,1,N,230,230,2,-3,-0.5,-0.5,0,0,-0.3,-6.8,-2.5
2,2020-02-01 00:04:51,2020-02-01 00:06:36,1,.12,1,N,230,230,2,3,0.5,0.5,0,0,0.3,6.8,2.5
2,2020-02-01 00:08:12,2020-02-01 00:13:21,2,.96,1,N,230,234,2,5.5,0.5,0.5,0,0,0.3,9.3,2.5
2,2020-02-01 00:25:38,2020-02-01 00:32:38,1,1.01,1,N,90,79,1,6.5,0.5,0.5,2.58,0,0.3,12.88,2.5
2,2020-02-01 00:34:23,2020-02-01 00:57:09,2,3.57,1,N,79,255,1,17.5,0.5,0.5,4.26,0,0.3,25.56,2.5
2,2020-02-01 00:10:42,2020-02-01 00:17:14,1,1.14,1,N,48,142,1,6.5,0.5,0.5,2.06,0,0.3,12.36,2.5
2,2020-02-01 00:43:26,2020-02-01 00:59:26,1,4.63,1,N,68,236,1,15.5,0.5,0.5,3.86,0,0.3,23.16,2.5
2,2020-02-01 00:16:27,2020-02-01 00:25:45,1,1.58,1,N,233,186,2,8,0.5,0.5,0,0,0.3,11.8,2.5
2,2020-02-01 00:31:36,2020-02-01 00:45:04,1,3.11,1,N,164,145,1,12.5,0.5,0.5,4.48,6.12,0.3,26.9,2.5
2,2020-02-01 00:48:45,2020-02-01 00:58:42,2,1.97,1,N,145,7,1,9.5,0.5,0.5,2,0,0.3,12.8,0
1,2020-02-01 00:14:48,2020-02-01 00:21:03,1,3.20,1,N,132,219,1,11.5,0.5,0.5,2.55,0,0.3,15.35,0
1,2020-02-01 00:38:29,2020-02-01 01:02:02,1,16.90,2,N,132,229,1,52,2.5,0.5,20,6.12,0.3,81.42,2.5
2,2020-02-01 00:43:56,2020-02-01 01:09:08,3,4.75,1,N,148,37,1,19.5,0.5,0.5,0,0,0.3,23.3,2.5
1,2020-02-01 00:16:34,2020-02-01 00:24:12,1,1.20,1,N,48,162,1,7,3,0.5,1,0,0.3,11.8,2.5
1,2020-02-01 00:26:19,2020-02-01 00:29:36,2,1.10,1,N,237,237,1,5.5,3,0.5,1.85,0,0.3,11.15,2.5
1,2020-02-01 00:38:33,2020-02-01 00:45:47,4,1.40,1,N,239,230,1,7,3,0.5,2.15,0,0.3,12.95,2.5
1,2020-02-01 00:53:25,2020-02-01 00:58:03,1,1.10,1,N,48,143,2,6,3,0.5,0,0,0.3,9.8,2.5
2,2020-02-01 00:21:11,2020-02-01 00:43:31,1,4.73,1,N,141,48,1,19,0.5,0.5,4.56,0,0.3,27.36,2.5
2,2020-02-01 00:09:39,2020-02-01 00:23:26,3,2.08,1,N,48,170,1,10.5,0.5,0.5,2.86,0,0.3,17.16,2.5
2,2020-02-01 00:27:13,2020-02-01 00:35:59,4,1.75,1,N,234,148,1,8,0.5,0.5,2.36,0,0.3,14.16,2.5
2,2020-02-01 00:40:05,2020-02-01 00:46:43,2,1.14,1,N,114,125,1,6.5,0.5,0.5,2.06,0,0.3,12.36,2.5
2,2020-02-01 00:50:09,2020-02-01 01:05:23,3,2.50,1,N,249,107,1,12,0.5,0.5,3.16,0,0.3,18.96,2.5
1,2020-02-01 00:06:56,2020-02-01 00:29:29,1,4.20,1,N,161,87,2,18,3,0.5,0,0,0.3,21.8,2.5
1,2020-02-01 00:37:49,2020-02-01 00:49:04,2,1.60,1,N,231,261,1,9.5,3,0.5,0,0,0.3,13.3,2.5
2,2020-02-01 00:11:55,2020-02-01 00:15:58,2,.96,1,N,231,88,2,5,0.5,0.5,0,0,0.3,8.8,2.5
2,2020-02-01 00:42:21,2020-02-01 01:03:25,1,4.50,1,N,87,246,1,18.5,0.5,0.5,4.46,0,0.3,26.76,2.5
2,2020-02-01 00:02:08,2020-02-01 00:17:26,1,1.09,1,N,79,148,1,10.5,0.5,0.5,3.58,0,0.3,17.88,2.5
2,2020-02-01 00:23:25,2020-02-01 00:34:01,1,.81,1,N,144,148,1,8,0.5,0.5,2.36,0,0.3,14.16,2.5
2,2020-02-01 00:59:25,2020-02-01 01:11:37,1,2.55,1,N,79,229,2,11,0.5,0.5,0,0,0.3,14.8,2.5
1,2020-02-01 00:14:38,2020-02-01 00:54:55,1,11.80,1,N,161,62,2,38,3,0.5,0,6.12,0.3,47.92,2.5
2,2020-02-01 00:05:27,2020-02-01 00:36:58,1,2.77,1,N,144,255,1,21,0.5,0.5,6.2,0,0.3,31,2.5
1,2020-02-01 00:12:27,2020-02-01 00:20:00,3,1.40,1,N,140,236,2,7.5,3,0.5,0,0,0.3,11.3,2.5
1,2020-02-01 00:06:56,2020-02-01 00:10:34,2,.40,1,N,170,170,2,4.5,3,0.5,0,0,0.3,8.3,2.5
1,2020-02-01 00:31:06,2020-02-01 00:58:51,4,4.20,1,N,107,25,1,19.5,3,0.5,2.33,0,0.3,25.63,2.5
2,2020-02-01 00:27:41,2020-02-01 00:42:53,5,2.41,1,N,137,45,1,12,0.5,0.5,0,0,0.3,15.8,2.5
2,2020-02-01 00:57:34,2020-02-01 01:04:12,5,1.02,1,N,234,170,2,6.5,0.5,0.5,0,0,0.3,10.3,2.5
1,2020-02-01 00:21:38,2020-02-01 00:31:09,1,1.80,1,N,164,163,2,8.5,3,0.5,0,0,0.3,12.3,2.5
2,2020-02-01 00:31:36,2020-02-01 00:35:52,2,.52,1,N,236,237,1,5,0.5,0.5,1.76,0,0.3,10.56,2.5
2,2020-02-01 00:10:38,2020-02-01 00:19:45,1,2.30,1,N,48,239,1,9.5,0.5,0.5,2.66,0,0.3,15.96,2.5
2,2020-02-01 00:32:51,2020-02-01 00:43:58,1,3.39,1,N,229,74,1,12,0.5,0.5,3.16,0,0.3,18.96,2.5
2,2020-02-01 00:14:50,2020-02-01 00:37:03,1,8.44,1,N,229,95,2,26.5,0.5,0.5,0,0,0.3,30.3,2.5
2,2020-02-01 00:32:56,2020-02-01 00:36:29,2,.87,1,N,230,43,1,5,0.5,0.5,1.76,0,0.3,10.56,2.5
1,2020-02-01 00:36:30,2020-02-01 00:39:01,1,1.10,1,N,237,263,1,5,3,0.5,2.2,0,0.3,11,2.5
2,2020-02-01 00:38:35,2020-02-01 00:46:00,2,.57,1,N,148,79,1,6,0.5,0.5,1,0,0.3,10.8,2.5
2,2020-02-01 00:15:57,2020-02-01 00:34:24,1,2.50,1,N,186,79,1,13,0.5,0.5,4.2,0,0.3,21,2.5
2,2020-02-01 00:36:26,2020-02-01 00:57:01,1,6.44,1,N,79,263,1,22,0.5,0.5,5.16,0,0.3,30.96,2.5
2,2020-02-01 00:02:05,2020-02-01 00:10:45,1,1.59,1,N,238,75,1,8,0.5,0.5,2.33,0,0.3,11.63,0
1,2020-02-01 00:38:28,2020-02-01 00:44:23,3,1.00,1,N,45,148,1,6,3,0.5,1.95,0,0.3,11.75,2.5
2,2020-02-01 00:58:07,2020-02-01 01:06:13,4,2.34,1,N,141,137,1,9,0.5,0.5,2.56,0,0.3,15.36,2.5
1,2020-02-01 00:04:54,2020-02-01 00:15:00,2,2.10,1,N,158,230,1,9,3,0.5,1,0,0.3,13.8,2.5
1,2020-02-01 00:26:09,2020-02-01 00:28:21,1,.50,1,N,48,50,2,4,3,0.5,0,0,0.3,7.8,2.5
1,2020-02-01 00:31:53,2020-02-01 00:41:05,3,.90,1,N,48,186,1,7.5,3,0.5,2.25,0,0.3,13.55,2.5
2,2020-02-01 00:27:01,2020-02-01 00:49:41,1,11.45,1,N,138,177,1,32.5,0.5,0.5,6.76,0,0.3,40.56,0
1,2020-02-01 00:01:27,2020-02-01 00:34:55,1,6.30,1,N,170,256,1,27,3,0.5,9.2,0,0.3,40,2.5
1,2020-02-01 00:39:28,2020-02-01 00:49:40,3,2.00,1,N,256,37,1,9,0.5,0.5,2.05,0,0.3,12.35,0
1,2020-02-01 00:51:05,2020-02-01 01:31:58,2,9.50,1,N,37,163,3,32.5,3,0.5,0,0,0.3,36.3,2.5
2,2020-02-01 00:02:46,2020-02-01 00:30:06,1,7.96,1,N,114,116,2,27,0.5,0.5,0,0,0.3,30.8,2.5
1,2020-02-01 00:26:21,2020-02-01 00:32:31,1,.80,1,N,107,137,1,6,3,0.5,1.95,0,0.3,11.75,2.5
1,2020-02-01 00:52:04,2020-02-01 01:05:34,1,2.20,1,N,79,68,1,11,3,0.5,2.95,0,0.3,17.75,2.5
2,2020-02-01 00:02:51,2020-02-01 00:07:03,1,.32,1,N,211,144,1,4.5,0.5,0.5,1.66,0,0.3,9.96,2.5
2,2020-02-01 00:12:19,2020-02-01 00:22:46,1,1.79,1,N,113,170,1,9,0.5,0.5,2.56,0,0.3,15.36,2.5
2,2020-02-01 00:25:32,2020-02-01 00:48:39,1,4.87,1,N,181,249,1,19,0.5,0.5,5.7,0,0.3,28.5,2.5
2,2020-02-01 00:19:18,2020-02-01 00:31:25,1,2.09,1,N,161,142,1,10,0.5,0.5,2.76,0,0.3,16.56,2.5
2,2020-02-01 00:33:28,2020-02-01 00:38:23,1,1.86,1,N,142,151,2,7,0.5,0.5,0,0,0.3,10.8,2.5
2,2020-02-01 00:37:36,2020-02-01 00:45:50,3,1.61,1,N,100,161,1,8,0.5,0.5,2.95,0,0.3,14.75,2.5
2,2020-02-01 00:50:44,2020-02-01 00:59:12,4,1.76,1,N,161,164,1,8,0.5,0.5,3.54,0,0.3,15.34,2.5
1,2020-02-01 00:14:44,2020-02-01 00:28:04,1,4.10,1,N,112,140,1,14.5,3,0.5,1.7,0,0.3,20,2.5
1,2020-02-01 00:10:52,2020-02-01 00:16:37,2,1.30,1,N,90,170,1,6.5,3,0.5,2.05,0,0.3,12.35,2.5
1,2020-02-01 00:42:35,2020-02-01 00:49:57,1,1.00,1,N,114,148,1,6.5,3,0.5,0.99,0,0.3,11.29,2.5
1,2020-02-01 00:50:49,2020-02-01 01:04:26,2,2.00,1,N,148,90,1,10.5,3,0.5,2.85,0,0.3,17.15,2.5
1,2020-02-01 00:02:00,2020-02-01 00:13:12,1,.80,1,N,144,148,1,8,3,0.5,2.95,0,0.3,14.75,2.5
1,2020-02-01 00:27:49,2020-02-01 00:40:40,1,1.80,1,N,114,90,1,10,3,0.5,1,0,0.3,14.8,2.5
1,2020-02-01 00:51:43,2020-02-01 00:58:22,1,.70,1,N,249,211,1,6,3,0.5,0.98,0,0.3,10.78,2.5
2,2020-01-31 23:30:38,2020-01-31 23:40:46,2,1.76,1,N,244,243,1,9,0.5,0.5,2.06,0,0.3,12.36,0
2,2020-02-01 00:02:12,2020-02-01 00:04:58,3,.66,1,N,239,238,1,4,0.5,0.5,1.95,0,0.3,9.75,2.5
2,2020-02-01 00:41:37,2020-02-01 00:48:07,1,1.52,1,N,238,75,1,7.5,0.5,0.5,0,0,0.3,8.8,0
2,2020-02-01 00:16:25,2020-02-01 00:42:47,1,9.84,1,N,138,92,2,30,0.5,0.5,0,0,0.3,31.3,0
1,2020-02-01 00:23:27,2020-02-01 00:52:56,1,4.40,1,N,79,112,1,21.5,3,0.5,5.05,0,0.3,30.35,2.5
1,2020-02-01 00:58:07,2020-02-01 01:09:57,1,2.50,1,N,112,112,2,10.5,0.5,0.5,0,0,0.3,11.8,0
1,2020-02-01 00:09:13,2020-02-01 00:13:19,1,1.00,1,Y,263,236,1,5,3,0.5,2.2,0,0.3,11,2.5
1,2020-02-01 00:25:12,2020-02-01 00:33:26,1,2.00,1,N,237,170,1,8.5,3,0.5,1.5,0,0.3,13.8,2.5
1,2020-02-01 00:42:20,2020-02-01 00:55:25,1,3.50,1,N,113,140,1,12.5,3,0.5,2.45,0,0.3,18.75,2.5
1,2020-02-01 00:57:53,2020-02-01 01:13:26,1,3.10,1,N,140,186,2,13.5,3,0.5,0,0,0.3,17.3,2.5
2,2020-02-01 00:14:12,2020-02-01 00:16:44,2,.93,1,N,238,151,1,4.5,0.5,0.5,1.66,0,0.3,9.96,2.5
1,2020-02-01 00:34:00,2020-02-01 00:42:16,2,1.10,1,N,107,79,1,7,3,0.5,2.15,0,0.3,12.95,2.5
1,2020-02-01 00:45:55,2020-02-01 00:54:09,1,1.10,1,N,79,249,2,7,3,0.5,0,0,0.3,10.8,2.5
2,2020-02-01 00:55:33,2020-02-01 00:58:56,1,.95,1,N,137,233,1,5,0.5,0.5,0.5,0,0.3,9.3,2.5
2,2020-02-01 01:01:33,2020-02-01 01:13:38,1,3.20,1,N,229,262,1,12,0.5,0.5,3.95,0,0.3,19.75,2.5
2,2020-02-01 00:13:39,2020-02-01 00:26:04,2,3.03,1,N,186,238,2,12,0.5,0.5,0,0,0.3,15.8,2.5
2,2020-02-01 00:45:56,2020-02-01 01:02:23,3,4.02,1,N,142,42,1,15,0.5,0.5,4.7,0,0.3,23.5,2.5
1,2020-02-01 00:22:19,2020-02-01 00:33:24,1,3.40,1,N,170,262,1,11.5,3,0.5,3.05,0,0.3,18.35,2.5
1,2020-02-01 00:47:54,2020-02-01 01:06:50,1,6.30,1,N,161,87,1,20.5,3,0.5,4.85,0,0.3,29.15,2.5
2,2020-02-01 00:06:14,2020-02-01 00:25:40,2,3.33,1,N,255,198,2,14.5,0.5,0.5,0,0,0.3,15.8,0
2,2020-02-01 00:09:24,2020-02-01 00:16:57,3,.83,1,N,90,158,1,6.5,0.5,0.5,2.06,0,0.3,12.36,2.5
2,2020-02-01 00:28:36,2020-02-01 00:33:47,1,.84,1,N,249,68,1,5.5,0.5,0.5,1.86,0,0.3,11.16,2.5
1,2020-02-01 00:13:53,2020-02-01 00:16:01,1,.60,1,N,166,151,1,4,0.5,0.5,1.05,0,0.3,6.35,0
1,2020-02-01 00:31:38,2020-02-01 00:34:42,1,.50,1,N,238,151,1,4,0.5,0.5,1.05,0,0.3,6.35,0
1,2020-02-01 00:48:26,2020-02-01 00:56:11,1,1.60,1,N,239,236,1,8,3,0.5,2.35,0,0.3,14.15,2.5
2,2020-02-01 00:13:06,2020-02-01 00:26:49,5,1.78,1,N,79,158,1,10,0.5,0.5,1,0,0.3,14.8,2.5
1,2020-02-01 00:07:01,2020-02-01 00:38:19,1,5.60,1,N,68,97,1,23.5,3,0.5,4.1,0,0.3,31.4,2.5
1,2020-02-01 00:04:14,2020-02-01 00:20:15,1,1.90,1,N,186,229,2,12,3,0.5,0,0,0.3,15.8,2.5
1,2020-02-01 00:34:56,2020-02-01 00:45:19,1,3.30,1,N,107,236,1,11.5,3,0.5,4.55,0,0.3,19.85,2.5
2,2020-02-01 00:19:26,2020-02-01 00:30:27,2,2.15,1,N,211,87,2,9.5,0.5,0.5,0,0,0.3,13.3,2.5
2,2020-02-01 00:52:53,2020-02-01 01:15:39,1,3.18,1,N,148,181,1,17,0.5,0.5,4.16,0,0.3,24.96,2.5
1,2020-02-01 00:09:15,2020-02-01 00:32:08,1,5.10,1,N,107,7,2,19.5,3,0.5,0,0,0.3,23.3,2.5
1,2020-02-01 00:44:06,2020-02-01 00:45:36,1,.50,1,N,7,7,2,3.5,0.5,0.5,0,0,0.3,4.8,0
1,2020-02-01 00:09:43,2020-02-01 00:18:41,1,1.40,1,N,137,100,2,8,3,0.5,0,0,0.3,11.8,2.5
1,2020-02-01 00:23:29,2020-02-01 00:30:54,1,1.40,1,N,230,170,1,7,3,0.5,2.15,0,0.3,12.95,2.5
2,2020-02-01 00:13:34,2020-02-01 00:54:56,1,6.21,1,N,48,256,1,28.5,0.5,0.5,6.46,0,0.3,38.76,2.5
2,2020-02-01 00:55:45,2020-02-01 01:02:28,1,1.30,1,N,256,112,1,6.5,0.5,0.5,1.56,0,0.3,9.36,0
1,2020-02-01 00:07:18,2020-02-01 00:25:40,2,4.10,1,N,87,48,1,15.5,3,0.5,2.9,0,0.3,22.2,2.5
1,2020-02-01 00:30:23,2020-02-01 00:51:37,2,4.30,1,N,230,148,1,18,3,0.5,4.35,0,0.3,26.15,2.5
1,2020-02-01 00:52:26,2020-02-01 01:15:37,1,6.70,1,N,148,239,1,23.5,3,0.5,5.45,0,0.3,32.75,2.5
1,2020-02-01 00:24:53,2020-02-01 00:38:12,3,1.70,1,N,158,79,1,10,3,0.5,2.75,0,0.3,16.55,2.5
1,2020-02-01 00:42:46,2020-02-01 01:42:08,4,15.80,1,N,79,92,2,53.5,3,0.5,0,0,0.3,57.3,2.5
2,2020-02-01 00:47:59,2020-02-01 00:59:11,1,3.24,1,N,231,230,1,11.5,0.5,0.5,3.06,0,0.3,18.36,2.5
1,2020-02-01 00:28:19,2020-02-01 00:50:22,0,3.50,1,N,45,49,1,15.5,3,0.5,5.75,0,0.3,25.05,2.5
2,2020-02-01 00:23:44,2020-02-01 00:31:04,1,3.02,1,N,132,216,2,10.5,0.5,0.5,0,0,0.3,11.8,0
1,2020-02-01 00:08:11,2020-02-01 00:13:43,2,1.00,1,N,237,163,1,6,3,0.5,2.9,0,0.3,12.7,2.5
1,2020-02-01 00:19:26,2020-02-01 00:43:31,1,7.90,1,N,237,13,1,26.5,3,0.5,7.55,0,0.3,37.85,2.5
1,2020-02-01 00:53:51,2020-02-01 00:56:50,1,.70,1,N,249,90,1,4.5,3,0.5,1,0,0.3,9.3,2.5
2,2020-02-01 00:42:16,2020-02-01 00:47:04,2,.85,1,N,68,246,1,5.5,0.5,0.5,1.86,0,0.3,11.16,2.5
2,2020-02-01 00:55:20,2020-02-01 00:59:47,2,.59,1,N,90,68,2,5,0.5,0.5,0,0,0.3,8.8,2.5
2,2020-02-01 00:15:05,2020-02-01 00:30:34,1,3.13,1,N,231,107,1,13,0.5,0.5,3.36,0,0.3,20.16,2.5
2,2020-02-01 00:31:21,2020-02-01 00:34:12,1,.62,1,N,234,170,1,4.5,0.5,0.5,0,0,0.3,8.3,2.5
2,2020-02-01 00:38:58,2020-02-01 00:58:33,1,5.48,1,N,164,265,1,19.5,0.5,0.5,7.01,11.75,0.3,42.06,2.5
2,2020-02-01 00:10:05,2020-02-01 00:23:04,2,2.13,1,N,230,249,1,10.5,0.5,0.5,2.86,0,0.3,17.16,2.5
2,2020-02-01 00:38:54,2020-02-01 00:41:56,2,.57,1,N,148,79,1,4,0.5,0.5,1.56,0,0.3,9.36,2.5
2,2020-02-01 00:56:55,2020-02-01 01:07:36,1,3.36,1,N,148,87,1,12.5,0.5,0.5,0,0,0.3,16.3,2.5
2,2020-02-01 00:14:30,2020-02-01 00:26:42,2,4.11,1,N,75,48,1,13.5,0.5,0.5,1,0,0.3,18.3,2.5
2,2020-02-01 00:11:49,2020-02-01 00:18:49,1,1.66,1,N,249,144,1,7,0.5,0.5,2.16,0,0.3,12.96,2.5
2,2020-02-01 00:24:57,2020-02-01 00:43:45,1,3.02,1,N,148,164,1,14,0.5,0.5,1,0,0.3,18.8,2.5
2,2020-02-01 00:55:17,2020-02-01 01:10:32,1,4.59,1,N,50,13,1,16,0.5,0.5,3.96,0,0.3,23.76,2.5
2,2020-02-01 00:42:15,2020-02-01 00:49:34,1,1.21,1,N,148,79,1,6.5,0.5,0.5,2.06,0,0.3,12.36,2.5
2,2020-02-01 00:50:17,2020-02-01 00:59:09,1,1.18,1,N,79,249,1,7,0.5,0.5,0,0,0.3,10.8,2.5
1,2020-02-01 00:02:39,2020-02-01 00:31:31,2,8.70,1,N,186,69,1,29.5,3,0.5,6.65,0,0.3,39.95,2.5
1,2020-02-01 00:50:18,2020-02-01 01:31:41,1,21.90,2,N,132,48,1,52,2.5,0.5,15.35,6.12,0.3,76.77,2.5
2,2020-02-01 00:22:31,2020-02-01 00:40:31,1,4.63,1,N,107,239,1,16,0.5,0.5,3.96,0,0.3,23.76,2.5
2,2020-02-01 00:29:22,2020-02-01 00:39:27,1,1.41,1,N,148,249,1,8.5,0.5,0.5,2.8,0,0.3,15.1,2.5
2,2020-02-01 00:06:49,2020-02-01 00:17:22,1,2.57,1,N,246,143,1,10,0.5,0.5,2.76,0,0.3,16.56,2.5
2,2020-02-01 00:23:18,2020-02-01 00:26:08,2,.50,1,N,142,48,1,4,0.5,0.5,1.56,0,0.3,9.36,2.5
2,2020-02-01 00:33:46,2020-02-01 00:37:19,2,1.04,1,N,246,50,2,5,0.5,0.5,0,0,0.3,8.8,2.5
2,2020-02-01 00:40:51,2020-02-01 00:56:14,3,3.30,1,N,48,79,1,13,0.5,0.5,2,0,0.3,18.8,2.5
2,2020-02-01 00:05:15,2020-02-01 00:12:07,1,1.11,1,N,79,107,1,6.5,0.5,0.5,2.06,0,0.3,12.36,2.5
2,2020-02-01 00:27:49,2020-02-01 00:53:03,1,7.15,1,N,79,17,1,24,0.5,0.5,5.56,0,0.3,33.36,2.5
2,2020-02-01 00:43:46,2020-02-01 00:55:38,1,3.22,1,N,107,140,1,11,0.5,0.5,2.96,0,0.3,17.76,2.5
2,2020-02-01 00:05:52,2020-02-01 00:14:42,2,1.36,1,N,107,148,1,8,0.5,0.5,2.36,0,0.3,14.16,2.5
2,2020-02-01 00:29:20,2020-02-01 00:41:23,2,2.48,1,N,45,256,1,11.5,0.5,0.5,2,0,0.3,17.3,2.5
2,2020-02-01 00:15:36,2020-02-01 00:31:51,1,2.93,1,N,79,230,1,13,0.5,0.5,3.36,0,0.3,20.16,2.5
2,2020-02-01 00:43:25,2020-02-01 00:55:09,1,2.99,1,N,68,143,1,11.5,0.5,0.5,4.59,0,0.3,19.89,2.5
2,2020-02-01 00:18:21,2020-02-01 00:26:27,1,2.96,1,N,50,238,1,10.5,0.5,0.5,2.14,0,0.3,16.44,2.5
2,2020-02-01 00:29:37,2020-02-01 00:37:56,1,1.73,1,N,162,224,1,8.5,0.5,0.5,2.46,0,0.3,14.76,2.5
2,2020-02-01 00:44:13,2020-02-01 00:52:22,2,1.92,1,N,79,186,2,8.5,0.5,0.5,0,0,0.3,12.3,2.5
2,2020-02-01 00:09:51,2020-02-01 00:29:41,1,8.24,1,N,263,231,1,25.5,0.5,0.5,5.86,0,0.3,35.16,2.5
2,2020-02-01 00:35:26,2020-02-01 00:47:39,1,1.67,1,N,211,79,1,9.5,0.5,0.5,1.95,0,0.3,15.25,2.5
2,2020-02-01 00:59:50,2020-02-01 01:07:57,1,1.20,1,N,148,231,1,7.5,0.5,0.5,1,0,0.3,12.3,2.5
2,2020-02-01 00:34:47,2020-02-01 00:40:34,1,.50,1,N,79,148,2,5.5,0.5,0.5,0,0,0.3,9.3,2.5
2,2020-02-01 00:52:50,2020-02-01 00:54:20,1,.11,1,N,107,107,2,3,0.5,0.5,0,0,0.3,6.8,2.5
2,2020-02-01 00:55:02,2020-02-01 01:01:23,1,.87,1,N,107,79,1,6,0.5,0.5,1.96,0,0.3,11.76,2.5
2,2020-02-01 00:13:41,2020-02-01 00:24:58,1,1.89,1,N,79,234,1,9.5,0.5,0.5,2.66,0,0.3,15.96,2.5
2,2020-02-01 00:31:22,2020-02-01 00:43:58,1,2.33,1,N,164,125,1,10.5,0.5,0.5,2.86,0,0.3,17.16,2.5
2,2020-02-01 00:47:36,2020-02-01 01:12:19,1,9.37,1,N,114,244,1,29,0.5,0.5,6.56,0,0.3,39.36,2.5
1,2020-02-01 00:18:05,2020-02-01 00:26:27,2,1.20,1,N,237,230,1,7.5,3,0.5,1.7,0,0.3,13,2.5
1,2020-02-01 00:28:25,2020-02-01 00:35:23,1,1.10,1,N,48,229,1,6.5,3,0.5,2.05,0,0.3,12.35,2.5
1,2020-02-01 00:50:05,2020-02-01 00:58:11,1,2.20,1,N,161,75,1,9,3,0.5,3.8,0,0.3,16.6,2.5
2,2020-02-01 00:33:55,2020-02-01 00:45:39,2,2.44,1,N,113,237,1,11,0.5,0.5,2.96,0,0.3,17.76,2.5
2,2020-02-01 00:50:33,2020-02-01 00:55:20,2,1.36,1,N,237,263,1,6.5,0.5,0.5,2.58,0,0.3,12.88,2.5
2,2020-02-01 00:10:06,2020-02-01 00:21:34,1,2.24,1,N,246,230,1,10,0.5,0.5,2.76,0,0.3,16.56,2.5
2,2020-02-01 00:48:52,2020-02-01 00:55:55,1,1.71,1,N,90,230,1,7,0.5,0.5,2.16,0,0.3,12.96,2.5
1,2020-02-01 00:18:26,2020-02-01 00:32:48,4,2.70,1,N,50,170,1,12,3,0.5,3.15,0,0.3,18.95,2.5
1,2020-02-01 00:48:06,2020-02-01 00:58:23,2,1.90,1,N,113,231,1,9,3,0.5,2,0,0.3,14.8,2.5
1,2020-02-01 00:14:37,2020-02-01 00:24:25,2,1.80,1,N,181,61,1,9,0.5,0.5,3.05,0,0.3,13.35,0
2,2020-02-01 00:33:02,2020-02-01 00:42:55,1,1.46,1,N,79,249,1,8,0.5,0.5,2.36,0,0.3,14.16,2.5
2,2020-01-31 23:58:29,2020-02-01 00:39:54,2,11.37,1,N,230,197,1,38,0.5,0.5,8.36,0,0.3,50.16,2.5
2,2020-02-01 00:15:34,2020-02-01 00:30:09,3,2.84,1,N,100,144,2,12,0.5,0.5,0,0,0.3,15.8,2.5
2,2020-02-01 00:32:35,2020-02-01 01:06:12,2,10.16,1,N,144,223,1,33.5,0.5,0.5,8.68,6.12,0.3,52.1,2.5
2,2020-02-01 00:19:09,2020-02-01 00:25:52,1,1.66,1,N,237,236,1,7.5,0.5,0.5,2.26,0,0.3,13.56,2.5
2,2020-02-01 00:36:24,2020-02-01 00:52:53,1,3.78,1,N,237,7,2,15,0.5,0.5,0,0,0.3,18.8,2.5
1,2020-02-01 00:27:32,2020-02-01 00:39:27,2,2.20,1,N,68,48,1,10,3,0.5,0,0,0.3,13.8,2.5
2,2020-02-01 00:14:21,2020-02-01 00:19:52,1,1.09,1,N,234,90,1,5.5,0.5,0.5,1.86,0,0.3,11.16,2.5
2,2020-02-01 00:21:01,2020-02-01 00:26:21,2,.72,1,N,90,249,2,5,0.5,0.5,0,0,0.3,8.8,2.5
2,2020-02-01 00:30:23,2020-02-01 00:40:55,1,2.37,1,N,249,50,1,10,0.5,0.5,1,0,0.3,14.8,2.5
2,2020-02-01 00:59:01,2020-02-01 01:22:38,1,6.53,1,N,48,129,4,-22.5,-0.5,-0.5,0,0,-0.3,-26.3,-2.5
2,2020-02-01 00:59:01,2020-02-01 01:22:38,1,6.53,1,N,48,129,2,22.5,0.5,0.5,0,0,0.3,26.3,2.5
2,2020-02-01 00:01:05,2020-02-01 00:14:41,1,4.67,1,N,13,79,1,16,0.5,0.5,3.96,0,0.3,23.76,2.5
2,2020-02-01 00:16:43,2020-02-01 00:48:21,2,4.59,1,N,79,36,1,22.5,0.5,0.5,5.26,0,0.3,31.56,2.5
2,2020-02-01 00:36:16,2020-02-01 00:50:55,2,3.88,1,N,263,79,1,14,0.5,0.5,3.56,0,0.3,21.36,2.5
1,2020-02-01 00:18:57,2020-02-01 00:31:24,2,3.40,1,N,158,87,1,13,3,0.5,3.35,0,0.3,20.15,2.5
1,2020-02-01 00:46:48,2020-02-01 00:53:15,2,1.00,1,N,125,249,1,6.5,3,0.5,2.05,0,0.3,12.35,2.5
1,2020-02-01 00:58:48,2020-02-01 01:02:42,1,.70,1,N,125,231,1,5,3,0.5,2.2,0,0.3,11,2.5
2,2020-02-01 00:05:33,2020-02-01 00:09:31,1,.58,1,N,164,186,2,4.5,0.5,0.5,0,0,0.3,8.3,2.5
2,2020-02-01 00:33:00,2020-02-01 00:41:57,2,1.09,1,N,48,186,2,7.5,0.5,0.5,0,0,0.3,11.3,2.5
1,2020-02-01 00:03:29,2020-02-01 00:11:18,1,3.30,1,N,263,137,1,11.5,3,0.5,1,0,0.3,16.3,2.5
1,2020-02-01 00:23:54,2020-02-01 00:29:14,1,1.00,1,N,229,137,1,5.5,3,0.5,1.85,0,0.3,11.15,2.5
1,2020-02-01 00:36:14,2020-02-01 00:40:04,1,.50,1,N,164,100,2,4.5,3,0.5,0,0,0.3,8.3,2.5
2,2020-02-01 00:03:30,2020-02-01 00:21:56,1,4.17,1,N,246,140,1,15.5,0.5,0.5,3.86,0,0.3,23.16,2.5
2,2020-02-01 00:45:35,2020-02-01 00:49:03,1,.90,1,N,162,137,1,5,0.5,0.5,1.76,0,0.3,10.56,2.5
1,2020-02-01 00:09:00,2020-02-01 00:10:41,2,.60,1,N,68,68,1,4,3,0.5,1,0,0.3,8.8,2.5
1,2020-02-01 00:11:28,2020-02-01 00:30:55,2,2.20,1,N,68,79,1,13.5,3,0.5,3.45,0,0.3,20.75,2.5
2,2020-02-01 00:51:50,2020-02-01 01:01:51,1,1.69,1,N,231,158,1,9,0.5,0.5,2.56,0,0.3,15.36,2.5
2,2020-01-31 23:58:43,2020-02-01 00:24:14,1,5.06,1,N,262,246,1,19.5,0.5,0.5,4.66,0,0.3,27.96,2.5
2,2020-02-01 00:07:37,2020-02-01 00:20:49,2,1.99,1,N,164,158,1,10,0.5,0.5,2.76,0,0.3,16.56,2.5
2,2020-02-01 00:54:58,2020-02-01 01:03:47,3,1.16,1,N,249,234,1,7.5,0.5,0.5,2.26,0,0.3,13.56,2.5
2,2020-02-01 00:28:52,2020-02-01 00:40:03,1,2.00,1,N,48,249,1,9,0.5,0.5,2.56,0,0.3,15.36,2.5
2,2020-02-01 00:43:10,2020-02-01 00:56:55,1,3.03,1,N,90,229,1,12,0.5,0.5,2,0,0.3,17.8,2.5
2,2020-02-01 00:14:16,2020-02-01 00:20:57,2,1.49,1,N,230,246,1,7,0.5,0.5,0,0,0.3,10.8,2.5
2,2020-02-01 00:27:06,2020-02-01 00:31:38,1,.85,1,N,68,234,1,5,0.5,0.5,1.76,0,0.3,10.56,2.5
2,2020-02-01 00:39:10,2020-02-01 01:03:09,2,9.70,1,N,170,244,2,30,0.5,0.5,0,0,0.3,33.8,2.5
2,2020-02-01 00:06:23,2020-02-01 00:21:20,3,4.60,1,N,236,4,1,16.5,0.5,0.5,4.06,0,0.3,24.36,2.5
2,2020-02-01 00:09:13,2020-02-01 00:23:26,2,2.82,1,N,162,246,2,11.5,0.5,0.5,0,0,0.3,15.3,2.5
2,2020-02-01 00:42:10,2020-02-01 00:48:30,2,1.50,1,N,68,164,1,6.5,0.5,0.5,1,0,0.3,11.3,2.5
2,2020-02-01 00:06:13,2020-02-01 00:14:28,2,1.48,1,N,90,211,2,7.5,0.5,0.5,0,0,0.3,11.3,2.5
2,2020-02-01 00:21:56,2020-02-01 00:35:40,2,3.42,1,N,144,229,1,12.5,0.5,0.5,3.26,0,0.3,19.56,2.5
2,2020-02-01 00:37:12,2020-02-01 00:41:39,2,1.65,1,N,229,262,1,6.5,0.5,0.5,2.06,0,0.3,12.36,2.5
2,2020-02-01 00:47:11,2020-02-02 00:41:39,2,3.45,1,N,263,234,1,12.5,0.5,0.5,3.26,0,0.3,19.56,2.5
2,2020-02-01 00:38:35,2020-02-01 00:49:27,2,1.82,1,N,249,4,2,9,0.5,0.5,0,0,0.3,12.8,2.5
2,2020-02-01 00:06:07,2020-02-01 00:12:49,1,.73,1,N,234,68,2,5.5,0.5,0.5,0,0,0.3,9.3,2.5
2,2020-02-01 00:19:47,2020-02-01 00:41:29,1,7.56,1,N,158,42,1,24,0.5,0.5,5,0,0.3,32.8,2.5
2,2020-02-01 00:22:36,2020-02-01 00:42:54,6,7.40,1,N,239,209,1,24,0.5,0.5,5.56,0,0.3,35.31,2.5
2,2020-02-01 00:47:37,2020-02-01 00:52:34,1,.84,1,N,262,236,1,5.5,0.5,0.5,1.86,0,0.3,11.16,2.5
2,2020-02-01 00:56:36,2020-02-01 01:12:51,1,3.31,1,N,237,90,2,13.5,0.5,0.5,0,0,0.3,17.3,2.5
2,2020-02-01 00:22:21,2020-02-01 00:34:06,1,3.22,1,N,97,256,1,12.5,0.5,0.5,2.76,0,0.3,16.56,0
2,2020-02-01 00:43:53,2020-02-01 01:07:20,2,4.99,1,N,148,142,1,19,0.5,0.5,3,0,0.3,25.8,2.5
2,2020-02-01 00:34:30,2020-02-01 00:52:33,1,4.29,1,N,211,141,1,15.5,0.5,0.5,3.86,0,0.3,23.16,2.5
2,2020-02-01 00:09:51,2020-02-01 00:15:36,2,.88,1,N,249,125,1,6,0.5,0.5,1.96,0,0.3,11.76,2.5
2,2020-02-01 00:16:30,2020-02-01 00:24:50,2,1.78,1,N,125,90,1,8,0.5,0.5,2.36,0,0.3,14.16,2.5
2,2020-02-01 00:30:03,2020-02-01 00:40:37,1,2.31,1,N,230,239,1,10,0.5,0.5,2.76,0,0.3,16.56,2.5
2,2020-02-01 00:45:34,2020-02-01 00:56:56,1,2.99,1,N,239,162,2,11.5,0.5,0.5,0,0,0.3,15.3,2.5
2,2020-02-01 00:22:57,2020-02-01 01:10:53,2,9.43,1,N,161,189,1,36.5,0.5,0.5,8.06,0,0.3,48.36,2.5
2,2020-02-01 00:47:28,2020-02-01 00:59:32,5,2.04,1,N,148,170,1,10,0.5,0.5,2.8,0,0.3,16.6,2.5
1,2020-02-01 00:10:17,2020-02-01 00:18:32,1,1.60,1,N,230,229,1,7.5,3,0.5,1,0,0.3,12.3,2.5
1,2020-02-01 00:31:58,2020-02-01 00:49:30,1,8.30,1,N,230,243,1,25,3,0.5,7.2,0,0.3,36,2.5
1,2020-02-01 00:54:58,2020-02-01 01:03:30,2,4.80,1,N,243,75,2,15,0.5,0.5,0,0,0.3,16.3,0
2,2020-01-31 23:52:35,2020-02-01 00:08:36,1,2.33,1,N,79,68,1,12,0.5,0.5,3.16,0,0.3,18.96,2.5
2,2020-02-01 00:21:25,2020-02-01 00:32:32,1,1.54,1,N,249,148,1,9,0.5,0.5,3.84,0,0.3,16.64,2.5
2,2020-02-01 00:39:13,2020-02-01 00:50:19,1,1.82,1,N,148,234,1,9.5,0.5,0.5,1,0,0.3,14.3,2.5
2,2020-02-01 00:04:49,2020-02-01 00:34:59,1,4.93,1,N,50,148,1,22,0.5,0.5,5.16,0,0.3,30.96,2.5
2,2020-02-01 00:01:13,2020-02-01 00:13:59,3,2.72,1,N,107,140,1,11,0.5,0.5,2.96,0,0.3,17.76,2.5
2,2020-02-01 00:22:59,2020-02-01 00:39:37,2,7.28,1,N,233,116,1,21.5,0.5,0.5,7.59,0,0.3,32.89,2.5
2,2020-02-01 00:54:36,2020-02-01 01:07:29,2,2.32,1,N,238,163,1,11,0.5,0.5,0.74,0,0.3,15.54,2.5
1,2020-02-01 00:05:55,2020-02-01 00:15:23,3,1.00,1,N,68,114,1,7.5,3,0.5,2.25,0,0.3,13.55,2.5
1,2020-02-01 00:25:57,2020-02-01 00:35:38,2,1.50,1,N,249,231,1,8.5,3,0.5,2,0,0.3,14.3,2.5
1,2020-02-01 00:46:41,2020-02-01 00:50:15,1,.30,1,N,211,231,2,4,3,0.5,0,0,0.3,7.8,2.5
1,2020-02-01 00:57:26,2020-02-01 01:01:07,1,1.00,1,N,125,231,1,5,3,0.5,1.75,0,0.3,10.55,2.5
2,2020-02-01 00:36:06,2020-02-01 00:47:22,1,1.69,1,N,144,107,1,9,0.5,0.5,2.56,0,0.3,15.36,2.5
2,2020-02-01 00:12:36,2020-02-01 00:18:23,2,1.78,1,N,263,229,1,7,0.5,0.5,2.16,0,0.3,12.96,2.5
2,2020-02-01 00:51:34,2020-02-01 01:03:10,2,3.71,1,N,230,75,1,12.5,0.5,0.5,3.26,0,0.3,19.56,2.5
1,2020-02-01 00:44:48,2020-02-01 00:52:56,0,1.30,1,N,113,234,1,7.5,3,0.5,2.26,0,0.3,13.56,2.5
2,2020-02-01 00:18:33,2020-02-01 00:31:04,5,2.02,1,N,79,186,1,10,0.5,0.5,2.76,0,0.3,16.56,2.5
1,2020-02-01 00:30:51,2020-02-01 00:48:35,1,8.80,1,N,138,232,1,26,3,0.5,5.95,0,0.3,35.75,2.5
2,2020-02-01 00:11:16,2020-02-01 00:23:52,1,1.89,1,N,137,4,2,10,0.5,0.5,0,0,0.3,13.8,2.5
2,2020-02-01 00:33:21,2020-02-01 00:41:55,1,1.49,1,N,79,114,1,8,0.5,0.5,2,0,0.3,13.8,2.5
1,2020-02-01 00:12:31,2020-02-01 00:16:53,1,.80,1,N,166,151,1,5.5,0.5,0.5,3,0,0.3,9.8,0
1,2020-02-01 00:26:52,2020-02-01 00:32:38,2,1.00,1,N,48,100,1,6,3,0.5,0.98,0,0.3,10.78,2.5
2,2020-02-01 00:08:28,2020-02-01 00:12:19,1,1.00,1,N,141,236,1,5,0.5,0.5,1.2,0,0.3,10,2.5
2,2020-02-01 00:26:12,2020-02-01 00:32:22,1,1.01,1,N,141,237,1,6,0.5,0.5,1.96,0,0.3,11.76,2.5
2,2020-02-01 00:43:23,2020-02-01 00:54:57,2,1.39,1,N,163,229,1,9,0.5,0.5,3.2,0,0.3,16,2.5
1,2020-02-01 00:36:03,2020-02-01 00:53:10,2,2.90,1,Y,148,97,1,13,3,0.5,3.35,0,0.3,20.15,2.5
1,2020-02-01 00:14:06,2020-02-01 00:22:02,2,1.50,1,N,48,68,1,7.5,3,0.5,2.8,0,0.3,14.1,2.5
1,2020-02-01 00:33:56,2020-02-01 00:38:43,2,.60,1,N,90,249,1,5,3,0.5,2.6,0,0.3,11.4,2.5
1,2020-02-01 00:44:07,2020-02-01 00:56:50,1,2.60,1,N,249,48,1,11,3,0.5,1,0,0.3,15.8,2.5
2,2020-02-01 00:12:24,2020-02-01 00:23:53,1,2.65,1,N,234,143,1,10.5,0.5,0.5,1.43,0,0.3,15.73,2.5
2,2020-02-01 00:42:24,2020-02-01 00:44:12,1,.65,1,N,48,48,1,4,0.5,0.5,1.56,0,0.3,9.36,2.5
2,2020-02-01 00:47:55,2020-02-01 00:56:05,1,.88,1,N,48,164,1,7,0.5,0.5,2.16,0,0.3,12.96,2.5
2,2020-02-01 00:25:39,2020-02-01 00:39:47,2,2.31,1,N,211,164,1,11,0.5,0.5,2.96,0,0.3,17.76,2.5
2,2020-02-01 00:23:38,2020-02-01 00:34:29,2,2.54,1,N,79,233,1,10,0.5,0.5,2.76,0,0.3,16.56,2.5
2,2020-02-01 00:45:44,2020-02-01 00:58:32,2,1.81,1,N,79,246,2,10,0.5,0.5,0,0,0.3,13.8,2.5
1,2020-02-01 00:22:23,2020-02-01 00:34:45,0,2.00,1,N,50,233,1,10,3,0.5,2.76,0,0.3,16.56,2.5
2,2020-02-01 00:11:13,2020-02-01 00:23:13,2,3.06,1,N,79,141,1,12,0.5,0.5,3.16,0,0.3,18.96,2.5
2,2020-02-01 00:50:55,2020-02-01 01:19:21,1,5.49,1,N,234,181,2,22.5,0.5,0.5,0,0,0.3,26.3,2.5
1,2020-02-01 00:03:44,2020-02-01 00:21:31,1,4.30,1,N,234,24,1,17,3,0.5,4.15,0,0.3,24.95,2.5
1,2020-02-01 00:02:43,2020-02-01 00:14:42,1,2.40,1,N,249,230,1,10,3,0.5,2.75,0,0.3,16.55,2.5
1,2020-02-01 00:16:59,2020-02-01 00:20:33,1,.40,1,N,234,234,2,4,3,0.5,0,0,0.3,7.8,2.5
1,2020-02-01 00:27:13,2020-02-01 00:38:39,1,2.80,1,N,230,238,2,11.5,3,0.5,0,0,0.3,15.3,2.5
1,2020-02-01 00:59:45,2020-02-01 01:07:41,1,1.40,1,N,142,229,1,7.5,3,0.5,2,0,0.3,13.3,2.5
